Workbook
Name AA: #REF!
Name AA: #REF!
Name AA: #REF!
Name AA: #REF!
Name ASDF: #REF!
Name ASDF: #REF!
Name ASDF: #REF!
Name ASDF: #REF!
Name BB: #REF!
Name BB: #REF!
Name BB: #REF!
Name BB: #REF!
Name CAR_RAIL: #REF!
Name CAR_RAIL: #REF!
Name CAR_RAIL: #REF!
Name CAR_RAIL: #REF!
Name CAR_슈간격: #REF!
Name CAR_슈간격: #REF!
Name CAR_슈간격: #REF!
Name CAR_슈간격: #REF!
Name CAR_오메가: #REF!
Name CAR_오메가: #REF!
Name CAR_오메가: #REF!
Name CAR_오메가: #REF!
Name CARRAIL_A: #REF!
Name CARRAIL_A: #REF!
Name CARRAIL_A: #REF!
Name CARRAIL_A: #REF!
Name CARRAIL_단면2차_X: #REF!
Name CARRAIL_단면2차_X: #REF!
Name CARRAIL_단면2차_X: #REF!
Name CARRAIL_단면2차_X: #REF!
Name CARRAIL_단면2차_Y: #REF!
Name CARRAIL_단면2차_Y: #REF!
Name CARRAIL_단면2차_Y: #REF!
Name CARRAIL_단면2차_Y: #REF!
Name CARRAIL_단면계수_X: #REF!
Name CARRAIL_단면계수_X: #REF!
Name CARRAIL_단면계수_X: #REF!
Name CARRAIL_단면계수_X: #REF!
Name CARRAIL_단면계수_Y: #REF!
Name CARRAIL_단면계수_Y: #REF!
Name CARRAIL_단면계수_Y: #REF!
Name CARRAIL_단면계수_Y: #REF!
Name CH: #REF!
Name CH: #REF!
Name CH: #REF!
Name CH: #REF!
Name COMPEN자중: #REF!
Name COMPEN자중: #REF!
Name COMPEN자중: #REF!
Name COMPEN자중: #REF!
Name CWT_BG: #REF!
Name CWT_BG: #REF!
Name CWT_BG: #REF!
Name CWT_BG: #REF!
Name CWT_RAIL: #REF!
Name CWT_RAIL: #REF!
Name CWT_RAIL: #REF!
Name CWT_RAIL: #REF!

Sheet SE 견적서
B3: 견 적 서(Special Edition)
B5: 주 소 : 서울시 종로구 율곡로 194 | J5: 견적일
B6: 대표이사 : 조 재 천 | J6: =DATE(MID(J9,7,4), MID(J9,11,2), MID(J9,13,2)) -> 46268
B7: 계약담당 : 김 승 훈
B8: 연 락 처 : H.P.) 010-8002-5506 | J8: 견적 No.
B9: E-Mail) sh.kim1@hdel.co.kr | J9: SE_인천_20260903-1
B11: 고객명(상호) 및 견적명 | G11: 현장명 및 현장주소
B13: 업 체 명 : | G13: 현 장 명 :
B14: 전화번호 : | G14: 현장주소 :
B15: ="견 적 명 : "&TRIM(REPLACE($G$13,1,8,""))&" 제어반 판매 견적서" -> 견 적 명 : 제어반 판매 견적서 | G15: 납품주소 : 협의장소
L16: 0.06 | M16: 0.05 | N16: 0.1 | O16: 0.11
B17: 1. 견적내역 | J17: (단위 : ￦) | O17: *영업이익 10% 이나, 합계금액 절사되는 것에 대한 보상으로 11% 적용
B19: 구분 | C19: NO. | D19: 품명 | E19: 호기 | F19: 규격 / 사양 | G19: 단위 | H19: 수량 | I19: 단가 | J19: 금액 | K19: 원가 | L19: 멀티플 | M19: 노무비 | N19: 간접비 | O19: 영업이익
B20: A. 패키지 | D20: SE-1 | F20: HC15-1SCO60-10 | G20: ST | H20: 1 | I20: =O20 -> 8786241.3 | J20: =H20*I20 -> 8786241.3 | K20: =IF('사양 입력'!$K$18="Y",'사양 입력'!$G$16+10000,'사양 입력'!$G$16) -> 6465353.8 | L20: =K20*(1+$L$16) -> 6853275 | M20: =L20*(1+$M$16) -> 7195938.8 | N20: =M20*(1+$N$16) -> 7915532.7 | O20: =N20*(1+$O$16) -> 8786241.3
D24: 구성품
D25: 제어반 ASSY | F25: ='사양 입력'!B18 -> MR, 일반형, 7.5KW, GI
D26: 의장 BOARD | F26: 사각 WHITE DOT 보드만 공급
D27: 승강로 부품일체 | F27: FLS,LCD, 승강로램프, 피트스위치
D28: CABLE ASSY | F28: HARNESS, T-CABLE 일체
D29: CAR TOP BOX | F29: INTERFACE BD or CONTROLLER
D30: 기타 잡자재 | F30: 플렉시블,덕트 외
F32: 소 계 | H32: =SUM(H20:H23) -> 1 | J32: =SUM(J20:J23) -> 8786241.3
G37: 합 계 | J37: =ROUNDDOWN(SUM(J32:J34),-4) -> 8780000
J38: (부가세 별도, 천단위 절사)
B39: [ 특 기 사 항 ]
B40: * 전기의장품은 보드만 공급됩니다.
B41: * 비상통화장치 관련자재 제외
B42: * 카도어 모터,엔코더 제외
B44: ※ OH,PIT,TRAVEL HEGHT 변경에 따라 가격변동이 발생 할 수 있음
B45: 1. 본 견적의 유효기간은 견적일로부터 30일 입니다.
B46: 2. 지불조건은 현금입니다.
B47: 3. 업무수행에 필요한 제반사항은 당사 승강기부품 제작공급 계약서에 따릅니다.
B50: 발주확인 및 승낙서
B51: 1) 상기 사항을 확인하였으며, 발주를 요청합니다. | G51: □ 발주자 확인
B52: 2) 발주확정금액 : 원정 (VAT별도) | G52: 발 주 일
B53: 3) 납기 요청일 : 년 월 일 | G53: 직 위
B54: 4) 대금지불은 청구일로부터 ( 30 )일 이내 현금지급 | G54: 발 주 일
B55: 5) 기타사항 : | G55: 성 명

Sheet 사양 입력
B1: 1. TM 및 건축 사양 | F1: 2. 제어반 사양 | J1: 3. 전장품 사양 및 옵션
B3: 건축 사양 | C3: DATA 입력 | F3: 제어 사양 | G3: 선택 | J3: 전장류 BD | K3: 수량(입력) | M3: MR | N3: =WBLX!AE6 -> 제어반 | O3: =WBLX!AF6 -> 2934692.1
A4: 입력 | B4: TM MODEL명 | E4: 선택 | F4: MR/MRL | G4: MR | I4: 선택 | J4: COP 사각형 DOT | K4: =IF(G9="YES",2,1) -> 1 | N4: =WBLX!AE7 -> 카탑 | O4: =WBLX!AF7 -> 358061
A5: 입력 | B5: 모터 용량 (KW) | C5: 6.3 | E5: 선택 | F5: 제어반 재질 | G5: GI | H5: =IF(AND($G$4="MR",$G$5="GI"),"",IF(AND($G$4="MR",$G$5="GI+PAINT"),"",IF(AND($G$4="MRL",$G$5="ALL SUS-HL"),"",IF(AND($G$4="MRL",$G$5="DOOR만 SUS-HL"),"",IF(AND($G$4="GD",$G$5="GI"),"",IF(AND($G$4="GD",$G$5="GI+PAINT"),"","◀재질")))))) | I5: 선택 | J5: HIP 사각형 DOT | K5: =C7-1 -> 14 | N5: =WBLX!AE8 -> 의장보드 | O5: =WBLX!AF8 -> 517867
A6: 입력 | B6: 모터 전류치 (A) | C6: 16 | E6: 선택 | F6: INVERTER 타입 | G6: 일반형 | J6: HPB | K6: =$C$7-($C$7-1) -> 1 | N6: =WBLX!AE9 -> 케이블 | O6: =WBLX!AF9 -> 1547807.8
A7: 입력 | B7: 건물 층수 | C7: 15 | E7: 선택 | F7: 출입구 높이(MRL 제어반) | G7: 2100 | I7: 선택 | J7: HPI 사각형 DOT | K7: =$C$7-($C$7-1) -> 1 | L7: =IF(표12[[#This Row],[전장류 BD]]="HPI 원형 DOT","BOX TYPE","") | N7: =WBLX!AE10 -> 승강로부품 | O7: =WBLX!AF10 -> 712835.6 | Q7: 창성 관리비용
A8: 입력 | B8: 엘리베이터 속도 | C8: 60 | E8: 선택 | F8: 장애인용 | G8: NO | I8: 선택 | J8: CPI 사각형 DOT | K8: 1 | N8: =WBLX!AE11 -> FLS | O8: =WBLX!AF11 -> 99740.295 | Q8: =SUM(O6:O8)*0.1 -> 236038.37
A9: 입력 | B9: 모터 정격 전압 | C9: 340 | E9: 선택 | F9: 관통형 | G9: NO | H9: =IF($G$9="YES","* 관통형일 경우, 견적 별도 문의바랍니다.","") | J9: 장애인 COP | K9: =IF(G8="YES",1,0) -> 0 | N9: 옵션 | O9: =WBLX!AF12 -> 0
E10: 선택 | F10: GROUP 운전 | G10: NO | J10: H.LANTERN | K10: 0
A11: 필요시 입력 | B11: OVER HEAD | C11: =IF($G$4="MRL",VLOOKUP($C$8,표18[],2,FALSE),VLOOKUP($C$8,표18_20[],2,FALSE)) -> 4350 | E11: 선택 | F11: MRL 도어 방향 | G11: RIGHT HINGE | I11: 선택 | J11: 비상통화장치 당사적용 | K11: N | M11: MRL | N11: =WBSS!AC6 -> 제어반 | O11: =WBSS!AD6 -> 1129369.1
A12: 필요시 입력 | B12: TRAVEL | C12: =C7*3000 -> 45000 | E12: 선택 | F12: TM ENCODER TYPE | G12: SINCOS | H12: =IF(AND($G$4="MR",$G$12="INCREMENTAL"),"",IF(AND($G$4="MR",$G$12="SINCOS"),"",IF(AND($G$4="MRL",$G$12="INCREMENTAL"),"",IF(AND($G$4="MRL",$G$12="SINCOS"),"",IF(AND($G$4="GD",$G$12="INCREMENTAL"),"",IF(AND($G$4="INCREMENTAL",$G$12="INCREMENTAL"),"","◀타입")))))) | I12: 선택 | J12: JOB SITE TOOL | K12: N | N12: =WBSS!AC7 -> 카탑 | O12: =WBSS!AD7 -> 358061
A13: 필요시 입력 | B13: PIT | C13: =IF($G$4="MRL",VLOOKUP($C$8,표18[],3,FALSE),VLOOKUP($C$8,표18_20[],3,FALSE)) -> 1250 | E13: 선택 | F13: 도어 인버터 전원 | G13: AC 220V | I13: 선택 | J13: T-CABLE 사양 | K13: 표준형 | N13: =WBSS!AC8 -> 의장보드 | O13: =WBSS!AD8 -> 517867
A14: 자동입력 | B14: TOTAL HEIGHT | C14: =C11+C12+C13 -> 50600 | E14: 선택 | F14: ROPE BRAKE | G14: EL TECH | J14: CCTV CABLE | K14: N | N14: =WBSS!AC9 -> 케이블 | O14: =WBSS!AD9 -> 1563575.2
J15: AIRCON CABLE | K15: N | N15: =WBSS!AC10 -> 승강로부품 | O15: =WBSS!AD10 -> 725061 | Q15: =SUM(O14:O16)*0.1 -> 238837.65
A16: 자동입력 | B16: INVETER 용량 | C16: =IF(AND(C5<=7.5,표20[모터 전류]<=18),"7.5KW",IF(AND(C5<=11,표20[모터 전류]<=25),"11KW",IF(AND(C5<=15,표20[모터 전류]<=34),"15KW",IF(AND(C5<=22,표20[모터 전류]<=51),"22KW",FALSE)))) -> 7.5KW | F16: 판매가(시행율 100%) | G16: =IF(G4="MRL",WBSS!AB6,IF(G4="MR",WBLX!AD6,WBST!AD6))+원가정보3!I722+VLOOKUP(J20,원가정보3!F723:I730,4,0) -> 6465353.8 | J16: 도어모터 + 엔코더 | K16: N | N16: =WBSS!AC11 -> FLS | O16: =WBSS!AD11 -> 99740.295
J17: 영진옵션(안전탑승,에스코드,범죄예방) | K17: N | N17: 옵션 | O17: =WBSS!AD12 -> 0
A18: 사양 | B18: =G4&", "&G6&", "&C16&", "&G5 -> MR, 일반형, 7.5KW, GI | J18: 성광옵션 | K18: N
J19: 4. 운송 지역 | M19: GD | N19: 제어반 | O19: =WBST!AF6 -> 633256.91
J20: 서울 | N20: 카탑 | O20: =WBST!AF7 -> 358061
N21: 의장보드 | O21: =WBST!AF8 -> 517867
N22: 케이블 | O22: =WBST!AF9 -> 1561949.4
N23: 승강로부품 | O23: =WBST!AF10 -> 657185.5
N24: FLS | O24: =WBST!AF11 -> 99740.295
N25: 옵션 | O25: =WBST!AF12 -> 0

Sheet WBLX
B2: WBLX
D3: 수배관련 203339L01현장 참고하여 작성
A5: NO | B5: 변경 | C5: Level | D5: 공사/파트 번호 | E5: seq | F5: 버전 | G5: 공사/파트 명 | H5: G/L CODE | I5: 오더 | J5: 품목구분 | K5: Block No | L5: 내/외작 | M5: 사급 | N5: 수정 | O5: 수량 | P5: 공사수량 | Q5: 주석 | R5: 공사주석 | S5: 전용 | T5: SPEC | U5: SIZE | V5: 특별조달유형 | W5: 단위 | X5: BOM등록자 | Y5: BOM등록일 | Z5: BOM수정일 | AA5: 별도자재 | AB5: 단가 | AC5: 금액 | AD5: 합계
C6: 1 | D6: =IF('사양 입력'!$G$4="MR",VLOOKUP('사양 입력'!$G$4&'사양 입력'!$G$5&'사양 입력'!$G$6&'사양 입력'!$C$16&'사양 입력'!$G$12,'CP ASSY'!$U$12:$V$251,2,FALSE),"ERROR") -> 20411101G0100 | G6: CP ASSY (내작) | H6: =LEFT(D6,11) -> 20411101G01 | O6: =IF(D6="ERROR","N/A",1) -> 1 | Q6: =VLOOKUP(D6,'CP ASSY'!$D$12:$L$251,9,0) -> 일반, 7.5KW, SINCOS, GI, , | X6: 조명석 | AB6: =VLOOKUP(D6,원가정보3!$E$5:$I$1048576,5,0) -> 167383.7 | AC6: =AB6*O6 -> 167383.7 | AD6: =SUMIF(AC6:AC110,"<>#n/a") -> 6171003.8 | AE6: 제어반 | AF6: =SUMIF(AC6:AC24,"<>#n/a") -> 2934692.1
D7: =VLOOKUP($D$6,'CP ASSY'!$V$12:$AA$251,6,FALSE)&"00" -> 20411102G0100 | G7: CP ASSY (외주) | H7: =LEFT(D7,11) -> 20411102G01 | O7: =IF('사양 입력'!G4="MR",1,"ERROR") -> 1 | X7: 조명석 | AB7: =VLOOKUP(D7,원가정보3!$E$5:$I$1048576,5,0) -> 1425100 | AC7: =AB7*O7 -> 1425100 | AE7: 카탑 | AF7: =AC62 -> 358061
D8: 20400790G0200 | G8: USAF BOARD | H8: 20400790G02 | O8: 1 | X8: 조명석 | AB8: =VLOOKUP(D8,원가정보3!$E$5:$I$1048576,5,0) -> 56393 | AC8: =AB8*O8 -> 56393 | AE8: 의장보드 | AF8: =SUM(AC71:AC84) -> 517867
D9: 20400900G0500 | G9: VCON BOARD | H9: 20400900G05 | O9: 1 | X9: 조명석 | AB9: =VLOOKUP(D9,원가정보3!$E$5:$I$1048576,5,0) -> 30754 | AC9: =AB9*O9 -> 30754 | AE9: 케이블 | AF9: =SUM(AC29:AC51) -> 1547807.8
D10: 20411025G0100 | G10: HHT-WB100N-SE ASSY | H10: 20411025G01 | O10: 1 | X10: 조명석 | AB10: =VLOOKUP(D10,원가정보3!$E$5:$I$1048576,5,0) -> 98455 | AC10: =AB10*O10 -> 98455 | AE10: 승강로부품 | AF10: =SUM(AC26:AC28)+SUM(AC52:AC61)+SUM(AC63:AC70) -> 712835.6
D11: 259D0202G0500 | G11: GROUP CABLE | L11: 외작(ROH) | O11: =IF('사양 입력'!$G$10="2 CAR",1,0) -> 0 | Q11: 15 MR | X11: 조명석 | AB11: =VLOOKUP(D11,원가정보3!$E$5:$I$1048576,5,0) -> 18270 | AC11: =AB11*O11 -> 0 | AE11: FLS | AF11: =AC25 -> 99740.295
C12: 2 | D12: =IF($S$12=20,"HX062002H0900",IF($S$12=30,"HX062002H1000",IF($S$12=40,"HX062002H1100",IF($S$12=50,"HX062002H1200",IF($S$12=60,"HX062002H1300",IF($S$12=75,"HX062002H1400",FALSE)))))) -> HX062002H1000 | G12: MCCB | H12: =LEFT(D12,11) -> HX062002H10 | O12: 1 | R12: 전류 | S12: ='DROP DOWN 지정'!$AG$11 -> 30 | X12: 조명석 | AB12: =VLOOKUP(D12,원가정보3!$E$5:$I$1048576,5,0) -> 34510 | AC12: =AB12*O12 -> 34510 | AE12: 옵션 | AF12: =SUM(AC99:AC104) -> 0
C13: 2 | D13: =IF('사양 입력'!$C$5<=11.3,"20410089G0600",IF(AND('사양 입력'!$C$5>11.3,'사양 입력'!$C$5<13),"20410089G0700",IF(AND('사양 입력'!$C$5>=13.1,'사양 입력'!$C$5<=14.1),"20410089G1000",IF(AND('사양 입력'!$C$5>=14.2,'사양 입력'!$C$5<=21),"20410089G0100",IF(AND('사양 입력'!$C$5>=21.1,'사양 입력'!$C$5<=26.5),"20410089G0800",IF(AND('사양 입력'!$C$5>=26.6,'사양 입력'!$C$5<=33),"20410089G0400","용량오류")))))) -> 20410089G0600 | G13: TERMINAL LUG | H13: =LEFT(D13,11) -> 20410089G06 | O13: 2 | X13: 조명석 | AB13: =VLOOKUP(D13,원가정보3!$E$5:$I$1048576,5,0) -> 7612 | AC13: =AB13*O13 -> 15224
C14: 2 | D14: =IF(AND('사양 입력'!$G$9="NO",'사양 입력'!$G$13="AC 220V"),"20401315G0200",IF(AND('사양 입력'!$G$9="NO",'사양 입력'!$G$13="AC 110V"),"20401315G1400",IF(AND('사양 입력'!$G$9="YES",'사양 입력'!$G$13="AC 220V"),"20401315G0300",IF(AND('사양 입력'!$G$9="YES",'사양 입력'!$G$13="AC 110V"),"20401315G1500",FALSE)))) -> 20401315G0200 | G14: TRANSFORMER | H14: =LEFT(D14,11) -> 20401315G02 | O14: 1 | X14: 조명석 | AB14: =VLOOKUP(D14,원가정보3!$E$5:$I$1048576,5,0) -> 90098 | AC14: =AB14*O14 -> 90098
C15: 2 | D15: HX001064H0400 | G15: CP NAME PLATE | H15: HX001064H04 | O15: 1 | X15: 조명석 | AB15: =VLOOKUP(D15,원가정보3!$E$5:$I$1048576,5,0) -> 339.416 | AC15: =AB15*O15 -> 339.416
C16: 2 | D16: 28500005G0100 | G16: LOAD SENSOR | H16: 28500005G01 | O16: 2 | X16: 조명석 | AB16: =VLOOKUP(D16,원가정보3!$E$5:$I$1048576,5,0) -> 13195 | AC16: =AB16*O16 -> 26390
D17: 20410326G0200 | G17: BYPASS BUZZER | H17: 20410326G02 | I17: BUY | J17: 1 | K17: 244A | L17: 외작(ROH) | N17: 1 | O17: 1 | T17: WBVF, LOCATION=CAR BOTTOM | U17: 220 | W17: EA | X17: 조명석 | Y17: 45002.589 | Z17: 45002.589 | AB17: =VLOOKUP(D17,원가정보3!$E$5:$I$1048576,5,0) -> 12768 | AC17: =AB17*O17 -> 12768
D18: 20401397G3000 | E18: 680 | F18: 0 | G18: HALL PWR OPT ASSY | H18: 20401397G30 | I18: BUY | J18: 1 | K18: 204B20 | L18: 외작(roh) | O18: =IF('DROP DOWN 지정'!$X$35>3000,1,0) -> 0 | T18: UNDER 12A, BELOW 30FL | U18: WITH BOX | W18: EA | X18: 조명석 | AB18: =VLOOKUP(D18,원가정보3!$E$5:$I$1048576,5,0) -> 79170 | AC18: =AB18*O18 -> 0
D19: 20400955G0200 | E19: 600 | F19: 0 | G19: FR OPT ASSY | H19: 20400955G02 | I19: BUY | J19: 1 | K19: 204B08 | L19: 외작(roh) | O19: =IF('사양 입력'!$C$14>31000,1,0) -> 1 | T19: FOR EMERGENCY (EN81-A3) | X19: 조명석 | AB19: =VLOOKUP(D19,원가정보3!$E$5:$I$1048576,5,0) -> 20300 | AC19: =AB19*O19 -> 20300
D20: 20600093G0100 | E20: 1390 | F20: 0 | G20: PC BOARD | H20: 20600093G01 | I20: BUY | J20: 1 | K20: 206A | L20: 외작(roh) | O20: =O19 -> 1 | T20: ELD RST SENSING BOARD | X20: 조명석 | AB20: =VLOOKUP(D20,원가정보3!$E$5:$I$1048576,5,0) -> 6830 | AC20: =AB20*O20 -> 6830
D21: 20411328G0100 | G21: CP MANUAL | O21: 1 | X21: 김승훈 | AB21: =VLOOKUP(D21,원가정보3!$E$5:$I$1048576,5,0) -> 12078 | AC21: =AB21*O21 -> 12078 | AD21: 추가 20231101
D22: =REPLACE($D$23,9,1,"P") -> 20302159P0200 | G22: INVERTER (내작) | O22: 1 | X22: 조명석 | AB22: =VLOOKUP(D22,원가정보3!$E$5:$I$1048576,5,0) -> 37552.9 | AC22: =AB22*O22 -> 37552.9
D23: =H23&"00" -> 20302159G0200 | G23: INVERTER (외주) | H23: =IF('사양 입력'!$G$4="MR",VLOOKUP('사양 입력'!$G$4&'사양 입력'!$G$5&'사양 입력'!$G$6&'사양 입력'!$C$16&'사양 입력'!$G$12,'CP ASSY'!$U$12:$Z$251,4,FALSE),"ERROR") -> 20302159G02 | O23: 1 | X23: 조명석 | AB23: =VLOOKUP(D23,원가정보3!$E$5:$I$1048576,5,0) -> 780280.6 | AC23: =AB23*O23 -> 780280.6
D24: =IF('사양 입력'!$G$4="MR",VLOOKUP('사양 입력'!$G$4&'사양 입력'!$G$5&'사양 입력'!$G$6&'사양 입력'!$C$16&'사양 입력'!$G$12,'CP ASSY'!$U$12:$Z$251,6,FALSE),"ERROR") -> HX045016H0300 | G24: PIM/IPM | H24: =LEFT(D24,11) -> HX045016H03 | O24: =IF('사양 입력'!$G$6="일반형",1,2) -> 1 | X24: 조명석 | AB24: =VLOOKUP(D24,원가정보3!$E$5:$I$1048576,5,0) -> 120235.5 | AC24: =AB24*O24 -> 120235.5
A25: 37 | C25: 1 | D25: =IF('사양 입력'!$C$8=30,"24110040G0100",IF('사양 입력'!$C$8=45,"24110040G0200",IF('사양 입력'!$C$8=60,"24110040G0300",IF('사양 입력'!$C$8=90,"24110040G0400",IF('사양 입력'!$C$8=105,"24110040G0500",IF('사양 입력'!$C$8=120,"24110040G0600",IF('사양 입력'!$C$8=150,"24110040G0700",FALSE))))))) -> 24110040G0300 | E25: 160 | F25: 0 | G25: FLS ASSY | H25: =LEFT(D25,11) -> 24110040G03 | I25: BUY | J25: 1 | K25: 241A | L25: 외작(ROH) | O25: 1 | Q25: * KS 케이블 적용 | T25: 13K RAIL, 105M/MIN | U25: . | W25: EA | X25: 조명석 | Y25: 45001.746 | AB25: =VLOOKUP(D25,원가정보3!$E$5:$I$1048576,5,0) -> 99740.295 | AC25: =AB25*O25 -> 99740.295
A26: 264 | C26: 1 | D26: 24200129G0200 | E26: 1570 | F26: 0 | G26: LCD ASSY | H26: 24200129G02 | I26: BUY | J26: 1 | K26: 242A | L26: 외작(ROH) | O26: 1 | T26: WBLX, WBSS1 (RAIL TYPE) | U26: 4MR | W26: EA | X26: 조명석 | Y26: 44964.611 | AB26: =VLOOKUP(D26,원가정보3!$E$5:$I$1048576,5,0) -> 43654.6 | AC26: =AB26*O26 -> 43654.6
A27: 265 | C27: 1 | D27: 24200128G0200 | E27: 1580 | F27: 0 | G27: LCD VANE ASSY | H27: 24200128G02 | I27: BUY | J27: 1 | K27: 242A01 | L27: 외작(ROH) | O27: ='사양 입력'!C7 -> 15 | Q27: 8~18K RAIL | T27: STOP | U27: 13K,18K RAIL | W27: EA | X27: 조명석 | Y27: 44964.611 | AB27: =VLOOKUP(D27,원가정보3!$E$5:$I$1048576,5,0) -> 3390.2 | AC27: =AB27*O27 -> 50853
A28: 266 | C28: 1 | D28: 242C0130G0100 | E28: 1590 | F28: 0 | G28: BRACKET | H28: 242C0130G01 | I28: BUY | J28: 1 | K28: 242A02 | L28: 외작(ROH) | O28: =ROUNDUP(O27/5,0) -> 3 | T28: L=500MM | U28: . | W28: EA | X28: 조명석 | Y28: 44964.611 | AB28: =VLOOKUP(D28,원가정보3!$E$5:$I$1048576,5,0) -> 806.3 | AC28: =AB28*O28 -> 2418.9
A29: 40 | C29: 1 | D29: =IF('사양 입력'!C7<10,"25900933G0"&'사양 입력'!C7&"00","25900933G"&'사양 입력'!C7&"00") -> 25900933G1500 | E29: 190 | F29: 0 | G29: CABLE | H29: =LEFT(D29,11) -> 25900933G15 | I29: BUY | J29: 3 | K29: 259A | L29: 외작(ROH) | O29: 1 | Q29: * CP TO DUCT HOLE (SA) : 5250(MM) * HALL COM & INT HARNESS용 TT 값 : 9850 * TOTAL HEIGHT (TH) : 38150(MM) * TRAVEL HEIGHT (TR) : 31150(MM) * OVER HEAD (OH) : 5200(MM) * PIT (PIT) : 1800(MM) * 비상용 엘리베이터 : NO * HA (통신) = 3500mm로 제작 * HB (INTERLOCK) = 200mm로 제작 * T-CABLE HARNESS는 25900972G01을 따를 것 | T29: FIELD HARNESS CABLE (EN81-20/50) | U29: 11 | W29: EA | X29: 조명석 | Y29: 45001.746 | AB29: =VLOOKUP(D29,원가정보3!$E$5:$I$1048576,5,0) -> 131715.1 | AC29: =AB29*O29 -> 131715.1
A30: 41 | C30: 1 | D30: 25900888G0100 | E30: 200 | F30: 0 | G30: CABLE | H30: 25900888G01 | I30: BUY | J30: 3 | K30: 259A22 | L30: 외작(ROH) | O30: 1 | T30: FOR EN-20/50 | U30: . | W30: EA | X30: 조명석 | Y30: 45001.746 | AB30: =VLOOKUP(D30,원가정보3!$E$5:$I$1048576,5,0) -> 13311.1 | AC30: =AB30*O30 -> 13311.1
A31: 42 | C31: 1 | D31: 25900980G0900 | E31: 210 | F31: 0 | G31: CABLE ASSY | H31: 25900980G09 | I31: BUY | J31: 3 | K31: 259A22 | L31: 외작(ROH) | O31: 1 | T31: FOR PIT LAMP | U31: . | W31: EA | X31: 조명석 | Y31: 45001.746 | AB31: =VLOOKUP(D31,원가정보3!$E$5:$I$1048576,5,0) -> 3059.1 | AC31: =AB31*O31 -> 3059.1
D32: 25900932G2000 | E32: 1600 | F32: 1 | G32: CABLE | H32: 25900932G20 | I32: BUY | J32: 3 | K32: 259A40 | L32: 외작(roh) | O32: =IF(O27<=20,O18,0) -> 0 | T32: OVER 3A, 1CORE | X32: 조명석 | AB32: =VLOOKUP(D32,원가정보3!$E$5:$I$1048576,5,0) -> 22330 | AC32: =AB32*O32 -> 0
D33: 25900932G3000 | E33: 1600 | F33: 1 | G33: CABLE | H33: 25900932G30 | I33: BUY | J33: 3 | K33: 259A40 | L33: 외작(roh) | O33: =IF(AND(O27>20,O27<30),O18,0) -> 0 | T33: OVER 3A, 1CORE | X33: 조명석 | AB33: =VLOOKUP(D33,원가정보3!$E$5:$I$1048576,5,0) -> 32378.5 | AC33: =AB33*O33 -> 0
A34: 43 | C34: 1 | D34: =IF('사양 입력'!$C$5<=7,"HX058004H0200",IF(AND('사양 입력'!$C$5>=7.1,'사양 입력'!$C$5<=11.3),"HX058004H0300",IF(AND('사양 입력'!$C$5>=11.4,'사양 입력'!$C$5<=14.1),"HX058004H0400",IF(AND('사양 입력'!$C$5>=14.2,'사양 입력'!$C$5<=20.6),"HX058004H0500",IF(AND('사양 입력'!$C$5>=20.7,'사양 입력'!$C$5<=26.5),"HX058004H0600",IF(AND('사양 입력'!$C$5>=26.6,'사양 입력'!$C$5<=33),"HX058004H0700",IF(AND('사양 입력'!$C$5>=33.1,'사양 입력'!$C$5<=50),"HX058004H0800","용량오류"))))))) -> HX058004H0200 | E34: 220 | F34: 0 | G34: POWER CABLE | H34: =LEFT(D34,11) -> HX058004H02 | I34: BUY | J34: 3 | K34: 259B01 | L34: 외작(ROH) | O34: 54 | Q34: POWER TO CP - 3 CORE 27 CP TO MOTOR - 3 CORE 27 | T34: KIV 16.0MMSQx1C, BLACK | U34: 750V, 70℃ | W34: M | X34: 조명석 | Y34: 45001.746 | AB34: =VLOOKUP(D34,원가정보3!$E$5:$I$1048576,5,0) -> 1027.4 | AC34: =AB34*O34 -> 55479.6
A35: 44 | C35: 1 | D35: =IF('사양 입력'!$C$5<=7,"HX058006H0200",IF(AND('사양 입력'!$C$5>=7.1,'사양 입력'!$C$5<=11.3),"HX058006H0300",IF(AND('사양 입력'!$C$5>=11.4,'사양 입력'!$C$5<=14.1),"HX058006H0400",IF(AND('사양 입력'!$C$5>=14.2,'사양 입력'!$C$5<=33),"HX058006H0500",IF(AND('사양 입력'!$C$5>=33.1,'사양 입력'!$C$5<=50),"HX058006H0600","용량오류"))))) -> HX058006H0200 | E35: 230 | F35: 1 | G35: CABLE | H35: =LEFT(D35,11) -> HX058006H02 | I35: BUY | J35: 3 | K35: 259B02 | L35: 외작(ROH) | O35: 18 | Q35: POWER TO CP - 1 CORE 9 CP TO MOTOR - 1 CORE 9 | T35: KIV 16SQ(GREEN-YELLOW) | U35: 750V, 70℃ | W35: M | X35: 조명석 | Y35: 45001.746 | AB35: =VLOOKUP(D35,원가정보3!$E$5:$I$1048576,5,0) -> 1027.4 | AC35: =AB35*O35 -> 18493.2
A36: 45 | C36: 1 | D36: HX058004H0100 | E36: 240 | F36: 0 | G36: LIGHTING CABLE | H36: HX058004H01 | I36: BUY | J36: 3 | K36: 259B03 | L36: 외작(ROH) | O36: 20 | Q36: POWER TO CP - 2 CORE 20 | T36: KIV 2.5MMSQx1C, BLACK | U36: 750V, 70℃ | W36: M | X36: 조명석 | Y36: 45001.746 | AB36: =VLOOKUP(D36,원가정보3!$E$5:$I$1048576,5,0) -> 671 | AC36: =AB36*O36 -> 13420
A37: 46 | C37: 1 | D37: HX058017H0100 | E37: 250 | F37: 0 | G37: CABLE | H37: HX058017H01 | I37: BUY | J37: 3 | K37: 259B04 | L37: 외작(ROH) | O37: 10 | Q37: FOR T-CABLE BINDING | T37: IV 2.0SQ,BLUE | U37: . | W37: M | X37: 조명석 | Y37: 45001.746 | AB37: =VLOOKUP(D37,원가정보3!$E$5:$I$1048576,5,0) -> 378.4 | AC37: =AB37*O37 -> 3784
A38: 47 | C38: 1 | D38: HX058010H0900 | E38: 260 | F38: 0 | G38: CABLE | H38: HX058010H09 | I38: BUY | J38: 3 | K38: 259B09 | L38: 외작(ROH) | O38: 11 | Q38: WAY TO PIT - 1 CORE 3 CP TO MOTOR THERMAL SW - 1 CORE 8 | T38: EVV 0.75SQ x 3C | U38: KS IEC 60227 | W38: M | X38: 조명석 | Y38: 45001.746 | AB38: =VLOOKUP(D38,원가정보3!$E$5:$I$1048576,5,0) -> 817.3 | AC38: =AB38*O38 -> 8990.3
A39: 48 | C39: 1 | D39: HX058010H1000 | E39: 270 | F39: 0 | G39: CABLE | H39: HX058010H10 | I39: BUY | J39: 3 | K39: 259B10 | L39: 외작(ROH) | O39: 4 | Q39: WAY TO PIT LAMP - 1 CORE 4 | T39: EVV 0.75SQ x 5C | U39: KS IEC 60227(EN 50525) | W39: M | X39: 조명석 | Y39: 45001.746 | AB39: =VLOOKUP(D39,원가정보3!$E$5:$I$1048576,5,0) -> 1196.8 | AC39: =AB39*O39 -> 4787.2
A40: 49 | C40: 1 | D40: HX058010H1200 | E40: 280 | F40: 0 | G40: CABLE | H40: HX058010H12 | I40: BUY | J40: 3 | K40: 259B11 | L40: 외작(ROH) | O40: =ROUNDUP(8+14+4+8.2+('사양 입력'!C12+'사양 입력'!C11)/1000,0) -> 84 | Q40: CP TO TM BRAKE - 1 CORE 8 CP TO PIT(HIP & HPI & INTERLOCK) - 1 CORE 45 CP TO FLS(UPPER) - 1 CORE 14 WAY TO FLS(LOWER) - 1 CORE 4 | T40: EVV 0.75SQ x 8C | U40: KS IEC 60227 | W40: M | X40: 조명석 | Y40: 45001.746 | AB40: =VLOOKUP(D40,원가정보3!$E$5:$I$1048576,5,0) -> 1767.7 | AC40: =AB40*O40 -> 148486.8
A41: 50 | C41: 1 | D41: HX058010H1500 | E41: 290 | F41: 0 | G41: CABLE | H41: HX058010H15 | I41: BUY | J41: 3 | K41: 259B13 | L41: 외작(ROH) | O41: =ROUNDUP(11+('사양 입력'!$C$11+'사양 입력'!$C$12)/1000,0) -> 61 | Q41: CP TO PIT ASSY - 1 CORE 48 | T41: EVV 0.75SQ x 20C | U41: KS IEC 60227 | W41: M | X41: 조명석 | Y41: 45001.746 | AB41: =VLOOKUP(D41,원가정보3!$E$5:$I$1048576,5,0) -> 3997.4 | AC41: =AB41*O41 -> 243841.4
D42: HX058014H0200 | E42: 1680 | F42: 0 | G42: CABLE | H42: HX058014H02 | I42: BUY | J42: 3 | K42: 259B18 | L42: 외작(roh) | O42: =IF(O18>=1,ROUNDUP((5000+'사양 입력'!$C$11+'사양 입력'!$C$12+4000)/1000,0),0) -> 0 | Q42: CP TO HALL POWER 1 - 1 CORE 99 | T42: EVV 1.5SQ x 4C | X42: 조명석 | AB42: =VLOOKUP(D42,원가정보3!$E$5:$I$1048576,5,0) -> 1745.7 | AC42: =AB42*O42 -> 0
A43: 51 | C43: 1 | D43: HX058012H0100 | E43: 300 | F43: 0 | G43: CABLE | H43: HX058012H01 | I43: BUY | J43: 3 | K43: 259B22 | L43: 외작(ROH) | O43: =ROUNDUP(16+'사양 입력'!$C$14/1000,0) -> 67 | Q43: CP TO PIT -1 CORE 54 | T43: UTP CAT5 X 2P | U43: . | W43: M | X43: 조명석 | Y43: 45001.746 | AB43: =VLOOKUP(D43,원가정보3!$E$5:$I$1048576,5,0) -> 475.2 | AC43: =AB43*O43 -> 31838.4
A44: 52 | C44: 1 | D44: HX058010H1400 | E44: 310 | F44: 0 | G44: CABLE | H44: HX058010H14 | I44: BUY | J44: 3 | K44: 259B28 | L44: 외작(ROH) | O44: =ROUNDUP(10+'사양 입력'!$C$14/1000,0) -> 61 | Q44: CP TO PIT ASSY(EN-20/50) -1 CORE 48 | T44: EVV 0.75SQ x 16C | U44: KS IEC 60227 | W44: M | X44: 조명석 | Y44: 45001.746 | AB44: =VLOOKUP(D44,원가정보3!$E$5:$I$1048576,5,0) -> 3688.3 | AC44: =AB44*O44 -> 224986.3
A45: 53 | C45: 1 | D45: HX058009H0100 | E45: 320 | F45: 0 | G45: CABLE | H45: HX058009H01 | I45: BUY | J45: 3 | K45: 259B60 | L45: 외작(ROH) | O45: =ROUNDUP(3.5*'사양 입력'!$C$7,0) -> 53 | Q45: WAY TO HIP & HPI - 11 CORE 39 | T45: EVV 0.5SQ x 5C | U45: . | W45: M | X45: 조명석 | Y45: 45001.746 | AB45: =VLOOKUP(D45,원가정보3!$E$5:$I$1048576,5,0) -> 1019.7 | AC45: =AB45*O45 -> 54044.1
A46: 54 | C46: 1 | D46: HX058011H0100 | E46: 330 | F46: 0 | G46: CABLE | H46: HX058011H01 | I46: BUY | J46: 3 | K46: 259B63 | L46: 외작(ROH) | O46: =ROUNDUP(2+8+8+0.5*'사양 입력'!$C$7,0) -> 26 | Q46: CP TO GOV. SW - 1 CORE 8 WAY TO INTERLOCK HARNESS(FOR PIT) - 1 CORE 2 WAY TO INTERLOCK - 11 CORE 4 CP TO TM SW - 1 CORE 8 | T46: VCTF 0.75SQ x 3C | U46: KS IEC 60227 | W46: M | X46: 조명석 | Y46: 45001.746 | AB46: =VLOOKUP(D46,원가정보3!$E$5:$I$1048576,5,0) -> 774.4 | AC46: =AB46*O46 -> 20134.4
A47: 55 | C47: 1 | D47: =IF('사양 입력'!$K$13="UTP 내장형","HX00058CH1100",IF('사양 입력'!$K$13="A/C 동력선 내장형","HX00058CH1300","HX00058CH0900")) -> HX00058CH0900 | E47: 340 | F47: 0 | G47: CABLE | H47: HX00058CH09 | I47: BUY | J47: 3 | K47: 259C01 | L47: 외작(ROH) | O47: =ROUNDUP(12+('사양 입력'!$C$11+'사양 입력'!$C$12+'사양 입력'!$C$13*2)/1000,0) -> 64 | Q47: CP TO OPB - 1 CORE 52 | T47: EVVF 0.75SQ x 36C, L TYPE | U47: KS B 6948 | W47: M | X47: 조명석 | Y47: 45001.746 | AB47: =VLOOKUP(D47,원가정보3!$E$5:$I$1048576,5,0) -> 8928.7 | AC47: =AB47*O47 -> 571436.8
C48: 1 | D48: =IF('사양 입력'!$K$15="별도형","HX00058CH1200","") | E48: 840 | F48: 2 | G48: CABLE(AIRCON CABLE) | I48: BUY | J48: 3 | K48: 259C01 | L48: 외작(roh) | O48: =ROUNDUP(12+('사양 입력'!$C$11+'사양 입력'!$C$12+'사양 입력'!$C$13*2)/1000,0) -> 64 | Q48: CP TO C.T.BOX - 1 CORE 30 | T48: EVVF 0.75SQ x 12C, H TYPE | U48: KS B 6948 | W48: M | AB48: =IFERROR(VLOOKUP(D48,원가정보3!$E$5:$I$1048576,5,0),0) -> 0 | AC48: =AB48*O48 -> 0
C49: 1 | D49: =IF(OR('사양 입력'!K14="RG59",'사양 입력'!K14="RG59+CLIP"),"HX058019H0100",IF(OR('사양 입력'!K14="UTP",'사양 입력'!K14="UTP+CLIP"),"R62100000210A","")) | E49: 340 | F49: 0 | G49: CABLE(RG59 OR UTP) | H49: HX058019H01 | I49: BUY | J49: 3 | K49: 259C02 | L49: 외작(roh) | O49: =IF(OR('사양 입력'!K14="RG59",'사양 입력'!K14="RG59+CLIP",'사양 입력'!K14="UTP+CLIP",'사양 입력'!K14="RG59",'사양 입력'!K14="UTP"),ROUNDUP(('사양 입력'!$C$14+3000)/1000,0),"0") -> 0 | Q49: CAR TO PIT (CCTV) - 1 CORE 43 | T49: CCTV CABLE | X49: 김승훈 | AB49: =IFERROR(VLOOKUP(D49,원가정보3!$E$5:$I$1048576,5,0),0) -> 0 | AC49: =AB49*O49 -> 0 | AD49: 추가 20231101
C50: 1 | D50: HX058031H0200 | E50: 650 | F50: 0 | G50: CABLE CLIP | H50: HX058031H02 | I50: BUY | J50: 3 | K50: 294A02 | L50: 외작(roh) | O50: =IF('사양 입력'!K14="RG59+CLIP",ROUNDUP((('사양 입력'!$C$13*2+'사양 입력'!$C$12/2)/1000)/0.45,0),IF('사양 입력'!K14="UTP+CLIP",ROUNDUP((('사양 입력'!$C$13*2+'사양 입력'!$C$12/2)/1000)/0.45,0),"0")) -> 0 | T50: CCTV CABLE CLIP | X50: 김승훈 | AB50: =IFERROR(VLOOKUP(D50,원가정보3!$E$5:$I$1048576,5,0),0) -> 541.2 | AC50: =AB50*O50 -> 0 | AD50: 추가 20231101
C51: 1 | D51: 259C0204G0300 | G51: CABLE | H51: 259C0204G03 | I51: BUY | O51: ='사양 입력'!K10 -> 0 | Q51: IND TO HLT | T51: CAN, W/O CHIME | W51: EA | X51: 조명석 | AB51: =VLOOKUP(D51,원가정보3!$E$5:$I$1048576,5,0) -> 24491 | AC51: =AB51*O51 -> 0
A52: 57 | C52: 1 | D52: 26000120G0200 | E52: 360 | F52: 0 | G52: PIT SWITCH | H52: 26000120G02 | I52: BUY | J52: 1 | K52: 260A05 | L52: 외작(ROH) | O52: 1 | T52: PIT SWITCH ASSY (EN 81-20/50) | U52: WITHOUT PRST CABLE | W52: EA | X52: 조명석 | Y52: 45001.746 | AB52: =VLOOKUP(D52,원가정보3!$E$5:$I$1048576,5,0) -> 75522 | AC52: =AB52*O52 -> 75522
A53: 58 | C53: 1 | D53: 28610018G0100 | E53: 370 | F53: 0 | G53: SWITCH BRACKET | H53: 28610018G01 | I53: BUY | J53: 1 | K53: 260A06 | L53: 외작(ROH) | O53: 2 | T53: BRACKET FOR PREVENTING INS S/W FROM ROTATING | U53: FOR KS190328 | W53: EA | X53: 조명석 | Y53: 45001.746 | AB53: =VLOOKUP(D53,원가정보3!$E$5:$I$1048576,5,0) -> 669.9 | AC53: =AB53*O53 -> 1339.8
A54: 59 | C54: 1 | D54: 26000099G0100 | E54: 380 | F54: 0 | G54: EMER STOP SWITCH | H54: 26000099G01 | I54: BUY | J54: 1 | K54: 260A07 | L54: 외작(ROH) | O54: 1 | T54: PIT E-STOP SWITCH (EN 81-20/50) | U54: FOR HIGH PIT | W54: EA | X54: 조명석 | Y54: 45001.746 | AB54: =VLOOKUP(D54,원가정보3!$E$5:$I$1048576,5,0) -> 20097 | AC54: =AB54*O54 -> 20097
A55: 286 | C55: 1 | D55: 26000074G0500 | E55: 1790 | F55: 0 | G55: LAMP | H55: 26000074G01 | I55: BUY | J55: 2 | K55: 260B04 | L55: 외작(ROH) | O55: 1 | T55: LED TYPE, FOR EMERGENCY, CABLE 3M | U55: 80 X 15 PCB 1EA, DC12~14V, 185mA | W55: EA | X55: 조명석 | AB55: =VLOOKUP(D55,원가정보3!$E$5:$I$1048576,5,0) -> 6922.3 | AC55: =AB55*O55 -> 6922.3
A56: 60 | C56: 1 | D56: 26000112G0100 | E56: 390 | F56: 0 | G56: EMER. LAMP | H56: 26000112G01 | I56: BUY | J56: 2 | K56: 260B04 | L56: 외작(ROH) | O56: 1 | T56: LED TYPE, FOR EMERGENCY, CABLE 4M | U56: DC12~14V, 270mA | W56: EA | X56: 조명석 | Y56: 45001.746 | AB56: =VLOOKUP(D56,원가정보3!$E$5:$I$1048576,5,0) -> 6140.2 | AC56: =AB56*O56 -> 6140.2
A57: 61 | C57: 1 | D57: 26000109G1000 | E57: 400 | F57: 0 | G57: HOISTWAY LAMP | H57: 26000109G10 | I57: BUY | J57: 1 | K57: 260C01 | L57: 외작(ROH) | O57: 1 | T57: 15W LED | U57: FOR OVERHEAD | W57: EA | X57: 조명석 | Y57: 45001.746 | AB57: =VLOOKUP(D57,원가정보3!$E$5:$I$1048576,5,0) -> 12002.1 | AC57: =AB57*O57 -> 12002.1
A58: 62 | C58: 1 | D58: 26000109G0300 | E58: 410 | F58: 0 | G58: LAMP | H58: 26000109G03 | I58: BUY | J58: 1 | K58: 260C02 | L58: 외작(ROH) | O58: 1 | T58: 15W LED | U58: FOR CAR TOP, CABLE=4000MM | W58: EA | X58: 조명석 | Y58: 45001.746 | AB58: =VLOOKUP(D58,원가정보3!$E$5:$I$1048576,5,0) -> 11499.4 | AC58: =AB58*O58 -> 11499.4
A59: 63 | C59: 1 | D59: 26000109G0800 | E59: 420 | F59: 0 | G59: HOISTWAY LAMP | H59: 26000109G08 | I59: BUY | J59: 1 | K59: 260C03 | L59: 외작(ROH) | O59: 2 | T59: 15W LED | U59: FOR PIT | W59: EA | X59: 조명석 | Y59: 45001.746 | AB59: =VLOOKUP(D59,원가정보3!$E$5:$I$1048576,5,0) -> 12225.4 | AC59: =AB59*O59 -> 24450.8
A60: 64 | C60: 1 | D60: 26000109G0900 | E60: 430 | F60: 0 | G60: HOISTWAY LAMP | H60: 26000109G09 | I60: BUY | J60: 1 | K60: 260C04 | L60: 외작(ROH) | O60: =ROUNDUP('사양 입력'!$C$14/5000,0) -> 11 | T60: 15W LED | U60: FOR HOISTWAY | W60: EA | X60: 조명석 | Y60: 45001.746 | AB60: =VLOOKUP(D60,원가정보3!$E$5:$I$1048576,5,0) -> 12225.4 | AC60: =AB60*O60 -> 134479.4
A61: 65 | C61: 1 | D61: 26000111G0100 | E61: 440 | F61: 0 | G61: LAMP SWITCH | H61: 26000111G01 | I61: BUY | J61: 1 | K61: 260C05 | L61: 외작(ROH) | O61: 1 | T61: HOISTWAY LAMP SWITCH | U61: . | W61: EA | X61: 조명석 | Y61: 45001.746 | AB61: =VLOOKUP(D61,원가정보3!$E$5:$I$1048576,5,0) -> 22330 | AC61: =AB61*O61 -> 22330
A62: 313 | C62: 1 | D62: =IF('사양 입력'!$G$9="NO","28610048G0200","28610053G0200") -> 28610048G0200 | E62: 2070 | F62: 0 | G62: CAR TOP BOX ASSY | H62: =LEFT(D62,11) -> 28610048G02 | I62: BUY | J62: 1 | K62: 286A | L62: 외작(ROH) | O62: 1 | T62: EN81-20,DOMESTIC | U62: GEL,P2 DOOR, CABLE:5.6M | W62: EA | X62: 조명석 | Y62: 44964.611 | AB62: =VLOOKUP(D62,원가정보3!$E$5:$I$1048576,5,0) -> 358061 | AC62: =AB62*O62 -> 358061
D63: 26400022G0200 | G63: LOAD CP_N ASSY | H63: 26400022G02 | O63: 1 | X63: 조명석 | AB63: =VLOOKUP(D63,원가정보3!$E$5:$I$1048576,5,0) -> 27347.1 | AC63: =AB63*O63 -> 27347.1
D64: 25910179G0100 | G64: INTERLOCK CABLE | H64: =LEFT(D64,11) -> 25910179G01 | L64: 외작(ROH) | O64: ='사양 입력'!$C$7 -> 15 | X64: 조명석 | AB64: =VLOOKUP(D64,원가정보3!$E$5:$I$1048576,5,0) -> 6956.4 | AC64: =AB64*O64 -> 104346
D65: 25910180G0200 | G65: PIT ETC SWITCH CABLE | H65: =LEFT(D65,11) -> 25910180G02 | L65: 외작(ROH) | O65: 1 | X65: 조명석 | AB65: =VLOOKUP(D65,원가정보3!$E$5:$I$1048576,5,0) -> 41310.5 | AC65: =AB65*O65 -> 41310.5
A66: 37 | C66: 1 | D66: 20410214G0400 | E66: 440 | F66: 0 | G66: TM E-STOP S/W OPT ASSY | H66: 20410214G04 | I66: BUY | J66: 1 | K66: 204B25 | L66: 외작(ROH) | N66: 1 | O66: 1 | T66: WBLX_PWM | U66: L=10000mm | W66: EA | X66: 조명석 | Y66: 45002.581 | Z66: 45002.581 | AB66: =VLOOKUP(D66,원가정보3!$E$5:$I$1048576,5,0) -> 21274 | AC66: =AB66*O66 -> 21274
A67: 38 | C67: 1 | D67: 285B0001G2400 | E67: 450 | F67: 1 | G67: OVERLOAD SWITCH | H67: 285B0001G24 | I67: BUY | J67: M | K67: 120B05 | L67: 외작(ROH) | N67: 1 | O67: 1 | T67: GSP | U67: GSB240DK, GSB320DK | W67: EA | X67: 조명석 | Y67: 45002.581 | Z67: 45002.581 | AB67: =VLOOKUP(D67,원가정보3!$E$5:$I$1048576,5,0) -> 19147.7 | AC67: =AB67*O67 -> 19147.7
D68: 28500012G0100 | G68: OVERLOAD SW BRACKET | O68: 1 | X68: 조명석 | AB68: =VLOOKUP(D68,원가정보3!$E$5:$I$1048576,5,0) -> 27912.5 | AC68: =AB68*O68 -> 27912.5 | AD68: 추가 20231101
D69: 28500012G0200 | G69: LOAD SENSOR BRACKET | O69: 2 | X69: 조명석 | AB69: =VLOOKUP(D69,원가정보3!$E$5:$I$1048576,5,0) -> 18980.5 | AC69: =AB69*O69 -> 37961 | AD69: 추가 20231101
D70: 25900124G0200 | G70: CAR CABLE | H70: 25900124G01 | L70: 외작(ROH) | O70: 1 | X70: 조명석 | AB70: =VLOOKUP(D70,원가정보3!$E$5:$I$1048576,5,0) -> 21827.3 | AC70: =AB70*O70 -> 21827.3
D71: 26300281G2200 | G71: HIP 원형 DOT | H71: 26300281G22 | O71: =IF('사양 입력'!$J$5=G71,'사양 입력'!$K$5,0) -> 0 | X71: 조명석 | AB71: =VLOOKUP(D71,원가정보3!$E$5:$I$1048576,5,0) -> 27129 | AC71: =AB71*O71 -> 0
D72: 26310576G1100 | G72: HIP 사각형 DOT | H72: 26310576G11 | O72: =IF('사양 입력'!$J$5=G72,'사양 입력'!$K$5,0) -> 14 | X72: 조명석 | AB72: =VLOOKUP(D72,원가정보3!$E$5:$I$1048576,5,0) -> 27522 | AC72: =AB72*O72 -> 385308
D73: 26400111G1100 | G73: HIP LCD | H73: 26400111G11 | O73: =IF('사양 입력'!$J$5=G73,'사양 입력'!$K$5,0) -> 0 | X73: 조명석 | AB73: =VLOOKUP(D73,원가정보3!$E$5:$I$1048576,5,0) -> 113883 | AC73: =AB73*O73 -> 0
D74: 26200135G1100 | G74: HPI 원형 DOT | H74: 26200135G11 | O74: =IF('사양 입력'!$J$7=G74,'사양 입력'!$K$7,0) -> 0 | X74: 조명석 | AB74: =VLOOKUP(D74,원가정보3!$E$5:$I$1048576,5,0) -> 27216 | AC74: =AB74*O74 -> 0
D75: 26210119G1100 | G75: HPI 사각형 DOT | H75: 26210119G11 | O75: =IF('사양 입력'!$J$7=G75,'사양 입력'!$K$7,0) -> 1 | X75: 조명석 | AB75: =VLOOKUP(D75,원가정보3!$E$5:$I$1048576,5,0) -> 25435 | AC75: =AB75*O75 -> 25435
D76: 26400105G1200 | G76: HPI LCD | H76: 26400105G12 | O76: =IF('사양 입력'!$J$7=G76,'사양 입력'!$K$7,0) -> 0 | X76: 조명석 | AB76: =VLOOKUP(D76,원가정보3!$E$5:$I$1048576,5,0) -> 117232.5 | AC76: =AB76*O76 -> 0
D77: 26200135G1100 | G77: CPI 원형 DOT | H77: 26200135G11 | O77: =IF('사양 입력'!$J$8=G77,'사양 입력'!$K$8,0) -> 0 | X77: 조명석 | AB77: =VLOOKUP(D77,원가정보3!$E$5:$I$1048576,5,0) -> 27216 | AC77: =AB77*O77 -> 0
D78: 26210119G1100 | G78: CPI 사각형 DOT | H78: 26210119G11 | O78: =IF('사양 입력'!$J$8=G78,'사양 입력'!$K$8,0) -> 1 | X78: 조명석 | AB78: =VLOOKUP(D78,원가정보3!$E$5:$I$1048576,5,0) -> 25435 | AC78: =AB78*O78 -> 25435
D79: 26400105G1200 | G79: CPI LCD | H79: 26400105G12 | O79: =IF('사양 입력'!$J$8=G79,'사양 입력'!$K$8,0) -> 0 | X79: 조명석 | AB79: =VLOOKUP(D79,원가정보3!$E$5:$I$1048576,5,0) -> 117232.5 | AC79: =AB79*O79 -> 0
D80: 28010878G1100 | G80: COP 원형 DOT | H80: 28010878G11 | O80: =IF('사양 입력'!$J$4=G80,'사양 입력'!$K$4,0) -> 0 | X80: 조명석 | AB80: =VLOOKUP(D80,원가정보3!$E$5:$I$1048576,5,0) -> 68345 | AC80: =AB80*O80 -> 0
D81: 26310576G1300 | G81: COP 사각형 DOT | H81: 26310576G13 | O81: =IF('사양 입력'!$J$4=G81,'사양 입력'!$K$4,0) -> 1 | X81: 조명석 | AB81: =VLOOKUP(D81,원가정보3!$E$5:$I$1048576,5,0) -> 27522 | AC81: =AB81*O81 -> 27522
D82: 28010372G1100 | G82: COP LCD | H82: 28010372G11 | O82: =IF('사양 입력'!$J$4=G82,'사양 입력'!$K$4,0) -> 0 | X82: 조명석 | AB82: =VLOOKUP(D82,원가정보3!$E$5:$I$1048576,5,0) -> 94343.7 | AC82: =AB82*O82 -> 0
D83: 28010878G1200 | G83: 표준 COP BOARD | H83: 28010878G12 | O83: =IF(NOT('사양 입력'!$J$4="COP 원형 DOT"),1,0) -> 1 | X83: 조명석 | AB83: =VLOOKUP(D83,원가정보3!$E$5:$I$1048576,5,0) -> 54167 | AC83: =AB83*O83 -> 54167
D84: 28100053G1100 | G84: WCOP BOARD | H84: 28100053G11 | O84: ='사양 입력'!$K$9 -> 0 | X84: 조명석 | AB84: =VLOOKUP(D84,원가정보3!$E$5:$I$1048576,5,0) -> 17030 | AC84: =AB84*O84 -> 0
D85: 29100059G0100 | G85: CP PHONE DI-PBX EN81-A3 | H85: 29100059G01 | O85: =IF('사양 입력'!$K$11="Y",2,0) -> 0 | X85: 조명석 | AB85: =VLOOKUP(D85,원가정보3!$E$5:$I$1048576,5,0) -> 8932 | AC85: =AB85*O85 -> 0
D86: 29100059G0300 | G86: CP PHONE DI-PBX, PCB COATING EN81-A3 | H86: 29100059G03 | O86: =IF('사양 입력'!$K$11="Y",1,0) -> 0 | X86: 조명석 | AB86: =VLOOKUP(D86,원가정보3!$E$5:$I$1048576,5,0) -> 10048.5 | AC86: =AB86*O86 -> 0
D87: 29110021G0100 | G87: PC BOARD LP-OPB PHONE2 A'SSY | H87: 29110021G01 | O87: =IF('사양 입력'!$K$11="Y",1,0) -> 0 | X87: 조명석 | AB87: =VLOOKUP(D87,원가정보3!$E$5:$I$1048576,5,0) -> 80638.8 | AC87: =AB87*O87 -> 0
D88: 29110025G0100 | G88: PIT PHONE BOX PIT PHONE BOX | H88: 29110025G01 | O88: =IF('사양 입력'!$K$11="Y",1,0) -> 0 | X88: 조명석 | AB88: =VLOOKUP(D88,원가정보3!$E$5:$I$1048576,5,0) -> 4912.6 | AC88: =AB88*O88 -> 0
D89: 29110017G4100 | G89: HYBRID-PBX4 DI-PBX, WIRELESS 4CH | H89: 29110017G41 | O89: =IF('사양 입력'!$K$11="Y",1,0) -> 0 | X89: 조명석 | AB89: =VLOOKUP(D89,원가정보3!$E$5:$I$1048576,5,0) -> 208785.5 | AC89: =AB89*O89 -> 0
D90: 23000030G0100 | G90: JOB SITE TOOL WBST, WBLX(FLEXIBLE) FOR H | H90: 23000030G01 | O90: =IF('사양 입력'!$K$12="Y",9,0) -> 0 | X90: 조명석 | AB90: =VLOOKUP(D90,원가정보3!$E$5:$I$1048576,5,0) -> 141.9 | AC90: =AB90*O90 -> 0
D91: 23000030G0500 | G91: JOB SITE TOOL WBST, WBLX(FLEXIBLE) FOR M | H91: 23000030G05 | O91: =IF('사양 입력'!$K$12="Y",1,0) -> 0 | X91: 조명석 | AB91: =VLOOKUP(D91,원가정보3!$E$5:$I$1048576,5,0) -> 39209.5 | AC91: =AB91*O91 -> 0
D92: 23000052G0100 | G92: COVER PLATE GI/EGI t0.8X300X400 | H92: 23000052G01 | O92: =IF('사양 입력'!$K$12="Y",6,0) -> 0 | X92: 조명석 | AB92: =VLOOKUP(D92,원가정보3!$E$5:$I$1048576,5,0) -> 1171.5 | AC92: =AB92*O92 -> 0
D93: 23000091G0200 | G93: DUCT EGI/GI PLANE, 0.8T, W/O DUCT HOLE W | H93: 23000091G02 | O93: =IF('사양 입력'!$K$12="Y",9,0) -> 0 | X93: 조명석 | AB93: =VLOOKUP(D93,원가정보3!$E$5:$I$1048576,5,0) -> 7111.5 | AC93: =AB93*O93 -> 0
D94: 23000100G0100 | G94: ELBOW EGI/GI PLANE, 1.6T W=100 | H94: 23000100G01 | O94: =IF('사양 입력'!$K$12="Y",3,0) -> 0 | X94: 조명석 | AB94: =VLOOKUP(D94,원가정보3!$E$5:$I$1048576,5,0) -> 4524.3 | AC94: =AB94*O94 -> 0
D95: 23000102G0500 | G95: FLEXIBLE TUBE GW 16 LENGTH = 5 MR | H95: 23000102G05 | O95: =IF('사양 입력'!$K$12="Y",2,0) -> 0 | X95: 조명석 | AB95: =VLOOKUP(D95,원가정보3!$E$5:$I$1048576,5,0) -> 3036 | AC95: =AB95*O95 -> 0
D96: 23000104G0500 | G96: FLEXIBLE TUBE GW 28 LENGTH = 5 MR | H96: 23000104G05 | O96: =IF('사양 입력'!$K$12="Y",1,0) -> 0 | X96: 조명석 | AB96: =VLOOKUP(D96,원가정보3!$E$5:$I$1048576,5,0) -> 6827.7 | AC96: =AB96*O96 -> 0
D97: 13110148G0100 | G97: DOOR MOTOR M1,HIDC-INT4I 0.4kW,FRANGE TY | O97: =IF('사양 입력'!$K$16="Y",1,0) -> 0 | X97: 김승훈 | AB97: =VLOOKUP(D97,원가정보3!$E$5:$I$1048576,5,0) -> 131300.4 | AC97: =AB97*O97 -> 0
D98: 13110152G0400 | G98: ENCODER METRONIX,AUTONICS,KWANGWOO 2500 | O98: =IF('사양 입력'!$K$16="Y",1,0) -> 0 | X98: 김승훈 | AB98: =VLOOKUP(D98,원가정보3!$E$5:$I$1048576,5,0) -> 43529.2 | AC98: =AB98*O98 -> 0
D99: 26300170G1100 | G99: HALL CPU ASSY | H99: 26300170G1100 | O99: =IF('사양 입력'!$K$17="Y",1,0) -> 0 | Q99: 영진 에스코드등 기능 | X99: 김승훈 | AB99: =VLOOKUP(D99,원가정보3!$E$5:$I$1048576,5,0) -> 39420.7 | AC99: =AB99*O99 -> 0
D100: 259C0151G0100 | G100: CABLE,HALL LANTERN ASSY | H100: 259C0151G0100 | O100: =IF('사양 입력'!$K$17="Y",1,0) -> 0 | Q100: 영진 에스코드등 기능 | X100: 김승훈 | AB100: =VLOOKUP(D100,원가정보3!$E$5:$I$1048576,5,0) -> 0 | AC100: =AB100*O100 -> 0
D101: HX058014H0200 | G101: CABLE EVV 1.5SQ X 4C KS IEC 60227 | H101: HX058014H0200 | O101: =IF('사양 입력'!$K$17="Y",(2000+'사양 입력'!C11+'사양 입력'!C12-2100+5000)/1000,"0") -> 0 | Q101: 영진 에스코드등 기능 | X101: 김승훈 | AB101: =VLOOKUP(D101,원가정보3!$E$5:$I$1048576,5,0) -> 1745.7 | AC101: =AB101*O101 -> 0
D102: 259D0394G0100 | G102: CABLE FOR ESCORT LIGHT | H102: 259D0394G0100 | O102: =IF('사양 입력'!$K$17="Y",1,0) -> 0 | Q102: 영진 에스코드등 기능 | X102: 김승훈 | AB102: =VLOOKUP(D102,원가정보3!$E$5:$I$1048576,5,0) -> 3149.3 | AC102: =AB102*O102 -> 0
...

Sheet WBSS
B2: WBSS
D3: 수배관련 202619L02현장 참고하여 작성
A5: NO | B5: 변경 | C5: Level | D5: 공사/파트 번호 | E5: seq | F5: 버전 | G5: 공사/파트 명 | H5: G/L CODE | I5: 오더 | J5: 품목구분 | K5: Block No | L5: 내/외작 | M5: 사급 | N5: 수정 | O5: 수량 | P5: 공사수량 | Q5: 주석 | R5: 공사주석 | S5: 전용 | T5: SPEC | U5: SIZE | V5: 특별조달유형 | W5: 단위 | X5: BOM등록자 | Y5: 별도자재 | Z5: 단가 | AA5: 금액 | AB5: 합계
C6: 1 | D6: =IF('사양 입력'!$G$4="MRL",VLOOKUP('사양 입력'!$G$4&'사양 입력'!$G$5&'사양 입력'!$G$6&'사양 입력'!$G$7&'사양 입력'!$C$16&'사양 입력'!$G$12&'사양 입력'!$G$11,'CP ASSY'!$U$12:$V$251,2,FALSE),"ERROR") -> ERROR | G6: CP ASSY (내작) | H6: =LEFT(D6,11) -> ERROR | O6: =IF(D6="ERROR","N/A",1) -> N/A | Q6: =VLOOKUP($D$6,'CP ASSY'!$V$12:$W$251,2,FALSE) -> #N/A | X6: 조명석 | Z6: =VLOOKUP(D6,원가정보3!$E$5:$K$1048576,5,0) -> #N/A | AA6: =Z6*O6 -> #N/A | AB6: =SUMIF(AA6:AA137,"<>#n/a") -> 4393673.6 | AC6: 제어반 | AD6: =SUMIF(AA6:AA30,"<>#n/a") -> 1129369.1
D7: =VLOOKUP($D$6,'CP ASSY'!$V$12:$AA$251,6,FALSE)&"00" -> #N/A | G7: CP ASSY (외주) | H7: =LEFT(D7,11) -> #N/A | O7: =IF('사양 입력'!G4="MRL",1,"ERROR") -> ERROR | X7: 조명석 | Z7: =VLOOKUP(D7,원가정보3!$E$5:$K$1048576,5,0) -> #N/A | AA7: =Z7*O7 -> #N/A | AC7: 카탑 | AD7: =AA67 -> 358061
D8: =H8&"00" -> #N/A | G8: CABINET ASSY | H8: =VLOOKUP($D$6,'CP ASSY'!$D$12:$E$251,2,0) -> #N/A | O8: 1 | Q8: =VLOOKUP(D6,'CP ASSY'!$D$12:$L$251,9,0) -> #N/A | X8: 조명석 | Z8: =VLOOKUP(D8,원가정보3!$E$5:$K$1048576,5,0) -> #N/A | AA8: =Z8*O8 -> #N/A | AC8: 의장보드 | AD8: =SUM(AA76:AA89) -> 517867
D9: 20400790G0200 | G9: USAF BOARD | H9: 20400790G02 | O9: 1 | Q9: USAF BOARD | R9: WBLX-SE,WBSS-SE | X9: 조명석 | Z9: =VLOOKUP(D9,원가정보3!$E$5:$K$1048576,5,0) -> 56393 | AA9: =Z9*O9 -> 56393 | AC9: 케이블 | AD9: =SUM(AA35:AA56) -> 1563575.2
D10: 20400900G0500 | G10: VCON BOARD | H10: 20400900G05 | O10: 1 | Q10: VCON BOARD | R10: WBLX-SE, WBSS-SE | X10: 조명석 | Z10: =VLOOKUP(D10,원가정보3!$E$5:$K$1048576,5,0) -> 30754 | AA10: =Z10*O10 -> 30754 | AC10: 승강로부품 | AD10: =SUM(AA32:AA34)+SUM(AA57:AA66)+SUM(AA68:AA75) -> 725061
D11: 20411025G0100 | G11: HHT | H11: 20411025G01 | O11: 1 | Q11: HHT | X11: 조명석 | Z11: =VLOOKUP(D11,원가정보3!$E$5:$K$1048576,5,0) -> 98455 | AA11: =Z11*O11 -> 98455 | AC11: FLS | AD11: =AA31 -> 99740.295
D12: 259D0202G0500 | G12: GROUP CABLE | L12: 외작(ROH) | O12: =IF('사양 입력'!$G$10="2 CAR",1,0) -> 0 | Q12: 15 MR | X12: 조명석 | Z12: =VLOOKUP(D12,원가정보3!$E$5:$K$1048576,5,0) -> 18270 | AA12: =Z12*O12 -> 0 | AC12: 옵션 | AD12: =SUM(AA99:AA104) -> 0
C13: 2 | D13: ="HX062002H"&'DROP DOWN 지정'!AG11&"00" -> HX062002H3000 | G13: MCCB | H13: =LEFT(D13,11) -> HX062002H30 | O13: 1 | X13: 조명석 | Z13: =VLOOKUP(D13,원가정보3!$E$5:$K$1048576,5,0) -> 20807 | AA13: =Z13*O13 -> 20807
C14: 2 | D14: =IF('사양 입력'!$C$5<=11.3,"20410089G0600",IF(AND('사양 입력'!$C$5>11.3,'사양 입력'!$C$5<13),"20410089G0700",IF(AND('사양 입력'!$C$5>=13.1,'사양 입력'!$C$5<=14.1),"20410089G1000",IF(AND('사양 입력'!$C$5>=14.2,'사양 입력'!$C$5<=21),"20410089G0100",IF(AND('사양 입력'!$C$5>=21.1,'사양 입력'!$C$5<=26.5),"20410089G0800",IF(AND('사양 입력'!$C$5>=26.6,'사양 입력'!$C$5<=33),"20410089G0400","용량오류")))))) -> 20410089G0600 | G14: TERMINAL LUG | H14: =LEFT(D14,11) -> 20410089G06 | O14: 2 | X14: 조명석 | Z14: =VLOOKUP(D14,원가정보3!$E$5:$K$1048576,5,0) -> 7612 | AA14: =Z14*O14 -> 15224
C15: 2 | D15: =IF(AND('사양 입력'!$G$9="NO",'사양 입력'!$G$13="AC 220V"),"20401315G0200",IF(AND('사양 입력'!$G$9="NO",'사양 입력'!$G$13="AC 110V"),"20401315G1400",IF(AND('사양 입력'!$G$9="YES",'사양 입력'!$G$13="AC 220V"),"20401315G0300",IF(AND('사양 입력'!$G$9="YES",'사양 입력'!$G$13="AC 110V"),"20401315G1500",FALSE)))) -> 20401315G0200 | G15: TRANSFORMER | H15: =LEFT(D15,11) -> 20401315G02 | O15: 1 | X15: 조명석 | Z15: =VLOOKUP(D15,원가정보3!$E$5:$K$1048576,5,0) -> 90098 | AA15: =Z15*O15 -> 90098
C16: 2 | D16: 20410485G0500 | G16: ELD OPT ASSY (현대 ELD) | H16: 20410485G05 | O16: 1 | X16: 조명석 | Z16: =VLOOKUP(D16,원가정보3!$E$5:$K$1048576,5,0) -> 17255 | AA16: =Z16*O16 -> 17255
C17: 2 | D17: HX001064H0400 | G17: CP NAME PLATE | H17: HX001064H04 | O17: 1 | X17: 조명석 | Z17: =VLOOKUP(D17,원가정보3!$E$5:$K$1048576,5,0) -> 339.416 | AA17: =Z17*O17 -> 339.416
C18: 2 | D18: 28500005G0100 | G18: LOAD SENSOR | H18: 28500005G01 | L18: 외작(ROH) | O18: 2 | X18: 조명석 | Z18: =VLOOKUP(D18,원가정보3!$E$5:$K$1048576,5,0) -> 13195 | AA18: =Z18*O18 -> 26390
A19: 42 | C19: 1 | D19: 20410326G0200 | E19: 490 | F19: 0 | G19: BYPASS BUZZER | H19: 20410326G02 | I19: BUY | J19: 1 | K19: 244A | L19: 외작(ROH) | N19: 1 | O19: 1 | T19: WBVF, LOCATION=CAR BOTTOM | U19: 220 | W19: EA | X19: 조명석 | Z19: =VLOOKUP(D19,원가정보3!$E$5:$K$1048576,5,0) -> 12768 | AA19: =Z19*O19 -> 12768
D20: 20401194G3000 | E20: 680 | F20: 0 | G20: HALL PWR OPT ASSY | H20: 20401194G30 | I20: BUY | J20: 1 | K20: 204B20 | L20: 외작(roh) | O20: =IF('DROP DOWN 지정'!$X$35>3000,1,0) -> 0 | T20: UNDER 12A, BELOW 30FL | U20: WITH BOX | W20: EA | X20: 조명석 | Z20: =VLOOKUP(D20,원가정보3!$E$5:$K$1048576,5,0) -> 142100 | AA20: =Z20*O20 -> 0
D21: 20400955G0200 | E21: 600 | F21: 0 | G21: FR OPT ASSY | H21: 20400955G02 | I21: BUY | J21: 1 | K21: 204B08 | L21: 외작(roh) | O21: =IF('사양 입력'!$C$14>31000,1,0) -> 1 | T21: FOR EMERGENCY (EN81-A3) | X21: 조명석 | Z21: =VLOOKUP(D21,원가정보3!$E$5:$K$1048576,5,0) -> 20300 | AA21: =Z21*O21 -> 20300
C22: 1 | D22: =IF($T$22<=15,"20610102G0900",IF(AND($T$22>=22,$T$22<=30),"20610102G1100","용량오류")) -> 20610102G0900 | G22: ELD | H22: =LEFT(D22,11) -> 20610102G09 | O22: 1 | R22: 인버터 용량 | S22: =SUBSTITUTE('사양 입력'!C16,"KW","") -> 7.5 | T22: =S22*1 -> 7.5 | X22: 조명석 | Z22: =VLOOKUP(D22,원가정보3!$E$5:$K$1048576,5,0) -> 617123.1 | AA22: =Z22*O22 -> 617123.1
D23: 20600093G0100 | E23: 1390 | F23: 0 | G23: PC BOARD | H23: 20600093G01 | I23: BUY | J23: 1 | K23: 206A | L23: 외작(roh) | O23: =O21 -> 1 | T23: ELD RST SENSING BOARD | X23: 조명석 | Z23: =VLOOKUP(D23,원가정보3!$E$5:$K$1048576,5,0) -> 6830 | AA23: =Z23*O23 -> 6830
D24: =REPLACE($D$25,9,1,"P") -> ERROR00P | G24: INVERTER (내작) | O24: 1 | X24: 조명석 | Z24: =VLOOKUP(D24,원가정보3!$E$5:$K$1048576,5,0) -> #N/A | AA24: =Z24*O24 -> #N/A
D25: =H25&"00" -> ERROR00 | G25: INVERTER (외주) | H25: =IF('사양 입력'!$G$4="MRL",VLOOKUP('사양 입력'!$G$4&'사양 입력'!$G$5&'사양 입력'!$G$6&'사양 입력'!$G$7&'사양 입력'!$C$16&'사양 입력'!$G$12&'사양 입력'!$G$11,'CP ASSY'!$U$12:$Z$251,4,FALSE),"ERROR") -> ERROR | O25: 1 | X25: 조명석 | Z25: =VLOOKUP(D25,원가정보3!$E$5:$K$1048576,5,0) -> #N/A | AA25: =Z25*O25 -> #N/A
D26: =IF('사양 입력'!$G$4="MRL",VLOOKUP('사양 입력'!$G$4&'사양 입력'!$G$5&'사양 입력'!$G$6&'사양 입력'!$G$7&'사양 입력'!$C$16&'사양 입력'!$G$12&'사양 입력'!$G$11,'CP ASSY'!$U$12:$Z$251,6,FALSE),"ERROR") -> ERROR | G26: PIM/IPM | H26: =LEFT(D26,11) -> ERROR | O26: =IF('사양 입력'!$G$6="일반형",1,2) -> 1 | X26: 조명석 | Z26: =VLOOKUP(D26,원가정보3!$E$5:$K$1048576,5,0) -> #N/A | AA26: =Z26*O26 -> #N/A
D27: 20411328G0100 | G27: CP MANUAL | H27: 20411328G01 | O27: 1 | X27: 김승훈 | Z27: =VLOOKUP(D27,원가정보3!$E$5:$K$1048576,5,0) -> 12078 | AA27: =Z27*O27 -> 12078 | AB27: 추가 20231101
C28: 1 | D28: =IF($T$22<=7.5,"20610066G0100",IF($T$22=11,"20610066G0200",IF($T$22=15,"20610066G0300",IF($T$22=22,"20610066G0400","용량오류")))) -> 20610066G0100 | G28: ELD CABLE ASSY | H28: =LEFT(D28,11) -> 20610066G01 | O28: 5 | X28: 조명석 | Z28: =VLOOKUP(D28,원가정보3!$E$5:$K$1048576,5,0) -> 5075 | AA28: =Z28*O28 -> 25375
C29: 1 | D29: =IF($T$22<=7.5,"20610072G0100",IF($T$22=11,"20610072G0300",IF($T$22=15,"20610072G0500",IF($T$22=22,"20610072G0700","용량오류")))) -> 20610072G0100 | G29: ELD HARNESS CABLE ASSY | H29: =LEFT(D29,11) -> 20610072G01 | O29: 1 | X29: 조명석 | Z29: =VLOOKUP(D29,원가정보3!$E$5:$K$1048576,5,0) -> 10159.6 | AA29: =Z29*O29 -> 10159.6
C30: 1 | D30: =IF('사양 입력'!$C$16="7.5KW","20401225G0300",IF('사양 입력'!$C$16="11KW","20401225G0900",IF('사양 입력'!$C$16="15KW","20401225G1900",IF('사양 입력'!$C$16="22KW","20410388G0300","용량오류")))) -> 20401225G0300 | G30: RESISTOR BOX | H30: =LEFT(D30,11) -> 20401225G03 | O30: 1 | X30: 조명석 | Z30: =VLOOKUP(D30,원가정보3!$E$5:$K$1048576,5,0) -> 69020 | AA30: =Z30*O30 -> 69020
A31: 263 | C31: 1 | D31: =IF('사양 입력'!$C$8=30,"24110040G1100",IF('사양 입력'!$C$8=45,"24110040G1200",IF('사양 입력'!$C$8=60,"24110040G1300",IF('사양 입력'!$C$8=90,"24110040G1400",IF('사양 입력'!$C$8=105,"24110040G1500",IF('사양 입력'!$C$8=120,"24110040G1600",IF('사양 입력'!$C$8=150,"24110040G1700",FALSE))))))) -> 24110040G1300 | E31: 1560 | F31: 1 | G31: FLS ASSY | H31: =LEFT(D31,11) -> 24110040G13 | I31: BUY | J31: 1 | K31: 241A | L31: 외작(ROH) | O31: 1 | Q31: * IP x3 LIMIT SW 적용 * KS 케이블 적용 | T31: 18K RAIL, 90M/MIN | U31: . | W31: EA | X31: 조명석 | Z31: =VLOOKUP(D31,원가정보3!$E$5:$K$1048576,5,0) -> 99740.295 | AA31: =Z31*O31 -> 99740.295
A32: 264 | C32: 1 | D32: 24200129G0200 | E32: 1570 | F32: 0 | G32: LCD ASSY | H32: 24200129G02 | I32: BUY | J32: 1 | K32: 242A | L32: 외작(ROH) | O32: 1 | T32: WBLX, WBSS1 (RAIL TYPE) | U32: 4MR | W32: EA | X32: 조명석 | Z32: =VLOOKUP(D32,원가정보3!$E$5:$K$1048576,5,0) -> 43654.6 | AA32: =Z32*O32 -> 43654.6
A33: 265 | C33: 1 | D33: 24200128G0200 | E33: 1580 | F33: 0 | G33: LCD VANE ASSY | H33: 24200128G02 | I33: BUY | J33: 1 | K33: 242A01 | L33: 외작(ROH) | O33: ='사양 입력'!C7 -> 15 | Q33: 8~18K RAIL | T33: STOP | U33: 13K,18K RAIL | W33: EA | X33: 조명석 | Z33: =VLOOKUP(D33,원가정보3!$E$5:$K$1048576,5,0) -> 3390.2 | AA33: =Z33*O33 -> 50853
A34: 266 | C34: 1 | D34: 242C0130G0100 | E34: 1590 | F34: 0 | G34: BRACKET | H34: 242C0130G01 | I34: BUY | J34: 1 | K34: 242A02 | L34: 외작(ROH) | O34: =ROUNDUP(O33/5,0) -> 3 | T34: L=500MM | U34: . | W34: EA | X34: 조명석 | Z34: =VLOOKUP(D34,원가정보3!$E$5:$K$1048576,5,0) -> 806.3 | AA34: =Z34*O34 -> 2418.9
A35: 267 | C35: 1 | D35: =IF('사양 입력'!$C$7<10,"25900914G0"&'사양 입력'!$C$7&"00","25900914G"&'사양 입력'!$C$7&"00") -> 25900914G1500 | E35: 1600 | F35: 0 | G35: CABLE | H35: =LEFT(D35,11) -> 25900914G15 | I35: BUY | J35: 3 | K35: 259A | L35: 외작(ROH) | O35: 1 | Q35: * CP TO DUCT HOLE (SA) : 5000(MM) * 기계실 돌림 배관 (SF) : 2000(MM) * HALL COM & INT HARNESS용 TT 값 : 10460(MM) * TOTAL HEIGHT (TH) : 64000(MM) * TRAVEL HEIGHT (TR) : 57600(MM) * OVER HEAD (OH) : 5000(MM) * PIT (PIT) : 1400(MM) * 비상용 엘리베이터 : YES * HA (통신) = 3500mm로 제작 * HB (INTERLOCK) = 400mm로 제작 * T-CABLE HARNESS는 25900972G01을 따를 것 * WBSS2 승강로 취부형 제어반 적용 | T35: FIELD HARNESS CABLE(EN81-20/50) | U35: 15 | W35: EA | X35: 조명석 | Z35: =VLOOKUP(D35,원가정보3!$E$5:$K$1048576,5,0) -> 201983.1 | AA35: =Z35*O35 -> 201983.1
A36: 268 | C36: 1 | D36: 25900888G0100 | E36: 1610 | F36: 0 | G36: CABLE | H36: 25900888G01 | I36: BUY | J36: 3 | K36: 259A22 | L36: 외작(ROH) | O36: 1 | T36: FOR EN-20/50 | U36: . | W36: EA | X36: 조명석 | Z36: =VLOOKUP(D36,원가정보3!$E$5:$K$1048576,5,0) -> 13311.1 | AA36: =Z36*O36 -> 13311.1
A37: 269 | C37: 1 | D37: 25900980G0900 | E37: 1620 | F37: 0 | G37: CABLE ASSY | H37: 25900980G09 | I37: BUY | J37: 3 | K37: 259A22 | L37: 외작(ROH) | O37: 1 | T37: FOR PIT LAMP | U37: . | W37: EA | X37: 조명석 | Z37: =VLOOKUP(D37,원가정보3!$E$5:$K$1048576,5,0) -> 3059.1 | AA37: =Z37*O37 -> 3059.1
D38: 25900932G2000 | E38: 1600 | F38: 1 | G38: CABLE | H38: 25900932G20 | I38: BUY | J38: 3 | K38: 259A40 | L38: 외작(roh) | O38: =IF(O33<=20,O20,0) -> 0 | T38: OVER 3A, 1CORE | X38: 조명석 | Z38: =VLOOKUP(D38,원가정보3!$E$5:$K$1048576,5,0) -> 22330 | AA38: =Z38*O38 -> 0
D39: 25900932G3000 | E39: 1600 | F39: 1 | G39: CABLE | H39: 25900932G30 | I39: BUY | J39: 3 | K39: 259A40 | L39: 외작(roh) | O39: =IF(AND(O33>20,O33<30),O20,0) -> 0 | T39: OVER 3A, 1CORE | X39: 조명석 | Z39: =VLOOKUP(D39,원가정보3!$E$5:$K$1048576,5,0) -> 32378.5 | AA39: =Z39*O39 -> 0
A40: 270 | C40: 1 | D40: =IF('사양 입력'!$C$5<=7,"HX058004H0200",IF(AND('사양 입력'!$C$5>=7.1,'사양 입력'!$C$5<=11.3),"HX058004H0300",IF(AND('사양 입력'!$C$5>=11.4,'사양 입력'!$C$5<=14.1),"HX058004H0400",IF(AND('사양 입력'!$C$5>=14.2,'사양 입력'!$C$5<=20.6),"HX058004H0500",IF(AND('사양 입력'!$C$5>=20.7,'사양 입력'!$C$5<=26.5),"HX058004H0600",IF(AND('사양 입력'!$C$5>=26.6,'사양 입력'!$C$5<=33),"HX058004H0700",IF(AND('사양 입력'!$C$5>=33.1,'사양 입력'!$C$5<=50),"HX058004H0800","용량오류"))))))) -> HX058004H0200 | E40: 1630 | F40: 0 | G40: POWER CABLE | H40: =LEFT(D40,11) -> HX058004H02 | I40: BUY | J40: 3 | K40: 259B01 | L40: 외작(ROH) | O40: 48 | Q40: CP TO MOTOR - 3 CORE 48 | T40: KIV 16.0MMSQx1C, BLACK | U40: 750V, 70℃ | W40: M | X40: 조명석 | Z40: =VLOOKUP(D40,원가정보3!$E$5:$K$1048576,5,0) -> 1027.4 | AA40: =Z40*O40 -> 49315.2
A41: 271 | C41: 1 | D41: =IF('사양 입력'!$C$5<=7,"HX058006H0200",IF(AND('사양 입력'!$C$5>=7.1,'사양 입력'!$C$5<=11.3),"HX058006H0300",IF(AND('사양 입력'!$C$5>=11.4,'사양 입력'!$C$5<=14.1),"HX058006H0400",IF(AND('사양 입력'!$C$5>=14.2,'사양 입력'!$C$5<=33),"HX058006H0500",IF(AND('사양 입력'!$C$5>=33.1,'사양 입력'!$C$5<=50),"HX058006H0600","용량오류"))))) -> HX058006H0200 | E41: 1640 | F41: 1 | G41: CABLE | H41: HX058006H05 | I41: BUY | J41: 3 | K41: 259B02 | L41: 외작(ROH) | O41: 16 | Q41: CP TO MOTOR - 1 CORE 16 | T41: KIV 16SQ(GREEN-YELLOW) | U41: 750V, 70℃ | W41: M | X41: 조명석 | Z41: =VLOOKUP(D41,원가정보3!$E$5:$K$1048576,5,0) -> 1027.4 | AA41: =Z41*O41 -> 16438.4
A42: 272 | C42: 1 | D42: HX058017H0100 | E42: 1650 | F42: 0 | G42: CABLE | H42: HX058017H01 | I42: BUY | J42: 3 | K42: 259B04 | L42: 외작(ROH) | O42: 10 | Q42: FOR T-CABLE BINDING | T42: IV 2.0SQ,BLUE | U42: . | W42: M | X42: 조명석 | Z42: =VLOOKUP(D42,원가정보3!$E$5:$K$1048576,5,0) -> 378.4 | AA42: =Z42*O42 -> 3784
A43: 273 | C43: 1 | D43: HX058010H0900 | E43: 1660 | F43: 0 | G43: CABLE | H43: HX058010H09 | I43: BUY | J43: 3 | K43: 259B09 | L43: 외작(ROH) | O43: 3 | Q43: WAY TO PIT - 1 CORE 3 | T43: EVV 0.75SQ x 3C | U43: KS IEC 60227 | W43: M | X43: 조명석 | Z43: =VLOOKUP(D43,원가정보3!$E$5:$K$1048576,5,0) -> 817.3 | AA43: =Z43*O43 -> 2451.9
A44: 274 | C44: 1 | D44: HX058010H1000 | E44: 1670 | F44: 0 | G44: CABLE | H44: HX058010H10 | I44: BUY | J44: 3 | K44: 259B10 | L44: 외작(ROH) | O44: 4 | Q44: WAY TO PIT LAMP - 1 CORE 4 | T44: EVV 0.75SQ x 5C | U44: KS IEC 60227(EN 50525) | W44: M | X44: 조명석 | Z44: =VLOOKUP(D44,원가정보3!$E$5:$K$1048576,5,0) -> 1196.8 | AA44: =Z44*O44 -> 4787.2
A45: 275 | C45: 1 | D45: HX058010H1200 | E45: 1680 | F45: 0 | G45: CABLE | H45: HX058010H12 | I45: BUY | J45: 3 | K45: 259B11 | L45: 외작(ROH) | O45: =ROUNDUP(16+12+4+15+'사양 입력'!C12/1000,0) -> 92 | Q45: CP TO TM BRAKE - 1 CORE 16 CP TO PIT(HIP & HPI & INTERLOCK) - 1 CORE 72 CP TO FLS(UPPER) - 1 CORE 12 WAY TO FLS(LOWER) - 1 CORE 4 | T45: EVV 0.75SQ x 8C | U45: KS IEC 60227 | W45: M | X45: 조명석 | Z45: =VLOOKUP(D45,원가정보3!$E$5:$K$1048576,5,0) -> 1767.7 | AA45: =Z45*O45 -> 162628.4
A46: 276 | C46: 1 | D46: HX058010H1500 | E46: 1690 | F46: 0 | G46: CABLE | H46: HX058010H15 | I46: BUY | J46: 3 | K46: 259B13 | L46: 외작(ROH) | O46: =ROUNDUP(11+'사양 입력'!C12/1000,0) -> 56 | Q46: CP TO PIT ASSY - 1 CORE 68 | T46: EVV 0.75SQ x 20C | U46: KS IEC 60227 | W46: M | X46: 조명석 | Z46: =VLOOKUP(D46,원가정보3!$E$5:$K$1048576,5,0) -> 3997.4 | AA46: =Z46*O46 -> 223854.4
D47: HX058014H0200 | E47: 1680 | F47: 0 | G47: CABLE | H47: HX058014H02 | I47: BUY | J47: 3 | K47: 259B18 | L47: 외작(roh) | O47: =IF(O20>=1,ROUNDUP((5000+'사양 입력'!C11+'사양 입력'!C12+4000)/1000,0),0) -> 0 | Q47: CP TO HALL POWER 1 - 1 CORE 99 | T47: EVV 1.5SQ x 4C | X47: 조명석 | Z47: =VLOOKUP(D47,원가정보3!$E$5:$K$1048576,5,0) -> 1745.7 | AA47: =Z47*O47 -> 0
A48: 277 | C48: 1 | D48: HX058012H0200 | E48: 1700 | F48: 0 | G48: CABLE | H48: HX058012H02 | I48: BUY | J48: 3 | K48: 259B23 | L48: 외작(ROH) | O48: =ROUNDUP(19+'사양 입력'!C14/1000,0) -> 70 | Q48: CP TO PIT -1 CORE 83 | T48: UTP CAT5 X 4P | U48: . | W48: M | X48: 조명석 | Z48: =VLOOKUP(D48,원가정보3!$E$5:$K$1048576,5,0) -> 553.3 | AA48: =Z48*O48 -> 38731
A49: 278 | C49: 1 | D49: HX058010H1400 | E49: 1710 | F49: 0 | G49: CABLE | H49: HX058010H14 | I49: BUY | J49: 3 | K49: 259B28 | L49: 외작(ROH) | O49: =ROUNDUP(11+'사양 입력'!C12/1000,0) -> 56 | Q49: CP TO PIT ASSY(EN-20/50) -1 CORE 69 | T49: EVV 0.75SQ x 16C | U49: KS IEC 60227 | W49: M | X49: 조명석 | Z49: =VLOOKUP(D49,원가정보3!$E$5:$K$1048576,5,0) -> 3688.3 | AA49: =Z49*O49 -> 206544.8
A50: 279 | C50: 1 | D50: HX058009H0100 | E50: 1720 | F50: 0 | G50: CABLE | H50: HX058009H01 | I50: BUY | J50: 3 | K50: 259B60 | L50: 외작(ROH) | O50: =ROUNDUP(3.5*'사양 입력'!C7,0) -> 53 | Q50: WAY TO HIP & HPI - 15 CORE 53 | T50: EVV 0.5SQ x 5C | U50: . | W50: M | X50: 조명석 | Z50: =VLOOKUP(D50,원가정보3!$E$5:$K$1048576,5,0) -> 1019.7 | AA50: =Z50*O50 -> 54044.1
A51: 280 | C51: 1 | D51: HX058011H0100 | E51: 1730 | F51: 0 | G51: CABLE | H51: HX058011H01 | I51: BUY | J51: 3 | K51: 259B63 | L51: 외작(ROH) | O51: =ROUNDUP(3+15+0.5*'사양 입력'!C7,0) -> 26 | Q51: WAY TO INTERLOCK HARNESS(FOR PIT) - 1 CORE 2 CP TO CTOL - 1 CORE 13 WAY TO INTERLOCK - 15 CORE 8 | T51: VCTF 0.75SQ x 3C | U51: KS IEC 60227 | W51: M | X51: 조명석 | Z51: =VLOOKUP(D51,원가정보3!$E$5:$K$1048576,5,0) -> 774.4 | AA51: =Z51*O51 -> 20134.4
A52: 281 | C52: 1 | D52: =IF('사양 입력'!$K$13="UTP 내장형","HX00058CH1100",IF('사양 입력'!$K$13="A/C 동력선 내장형","HX00058CH1300","HX00058CH0900")) -> HX00058CH0900 | E52: 1740 | F52: 0 | G52: CABLE | H52: HX00058CH09 | I52: BUY | J52: 3 | K52: 259C01 | L52: 외작(ROH) | N52: 1 | O52: =ROUNDUP(18+'사양 입력'!C12/1000,0) -> 63 | Q52: CP TO OPB - 1 CORE 75 | T52: EVVF 0.75SQ x 36C, L TYPE | U52: KS B 6948 | W52: M | X52: 조명석 | Z52: =VLOOKUP(D52,원가정보3!$E$5:$K$1048576,5,0) -> 8928.7 | AA52: =Z52*O52 -> 562508.1
C53: 1 | D53: =IF('사양 입력'!$K$15="별도형","HX00058CH1200","") | E53: 840 | F53: 2 | G53: CABLE(AIRCON CABLE) | I53: BUY | J53: 3 | K53: 259C01 | L53: 외작(roh) | O53: =ROUNDUP(12+('사양 입력'!$C$11+'사양 입력'!$C$12+'사양 입력'!$C$13*2)/1000,0) -> 64 | Q53: CP TO C.T.BOX - 1 CORE 30 | T53: EVVF 0.75SQ x 12C, H TYPE | U53: KS B 6948 | W53: M | Z53: =IFERROR(VLOOKUP(D53,원가정보3!$E$5:$I$1048576,5,0),0) -> 0 | AA53: =Z53*O53 -> 0
C54: 1 | D54: =IF(OR('사양 입력'!K14="RG59",'사양 입력'!K14="RG59+CLIP"),"HX058019H0100",IF(OR('사양 입력'!K14="UTP",'사양 입력'!K14="UTP+CLIP"),"R62100000210A","")) | E54: 340 | F54: 0 | G54: CABLE(RG59 OR UTP) | H54: HX058019H01 | I54: BUY | J54: 3 | K54: 259C02 | L54: 외작(roh) | O54: =IF(OR('사양 입력'!K14="RG59",'사양 입력'!K14="RG59+CLIP",'사양 입력'!K14="UTP+CLIP",'사양 입력'!K14="RG59",'사양 입력'!K14="UTP"),ROUNDUP(('사양 입력'!$C$14+3000)/1000,0),"0") -> 0 | T54: CCTV CABLE | W54: M | X54: 김승훈 | Z54: =IFERROR(VLOOKUP(D54,원가정보3!$E$5:$K$1048576,5,0),0) -> 0 | AA54: =Z54*O54 -> 0 | AB54: =IFERROR(VLOOKUP(D54,원가정보3!$E$5:$I$1048576,5,0),0) -> 0 | AC54: =AB54*O54 -> 0 | AD54: 추가 20231101
C55: 1 | D55: HX058031H0200 | E55: 650 | F55: 0 | G55: CABLE CLIP | H55: HX058031H02 | I55: BUY | J55: 3 | K55: 294A02 | L55: 외작(roh) | O55: =IF('사양 입력'!K14="RG59+CLIP",ROUNDUP((('사양 입력'!$C$13*2+'사양 입력'!$C$12/2)/1000)/0.45,0),IF('사양 입력'!K14="UTP+CLIP",ROUNDUP((('사양 입력'!$C$13*2+'사양 입력'!$C$12/2)/1000)/0.45,0),"0")) -> 0 | T55: CCTV CABLE CLIP | W55: EA | X55: 김승훈 | Z55: =VLOOKUP(D55,원가정보3!$E$5:$K$1048576,5,0) -> 541.2 | AA55: =Z55*O55 -> 0 | AB55: =IFERROR(VLOOKUP(D55,원가정보3!$E$5:$I$1048576,5,0),0) -> 541.2 | AC55: =AB55*O55 -> 0 | AD55: 추가 20231101
C56: 1 | D56: 259C0204G0300 | G56: CABLE | H56: 259C0204G03 | I56: BUY | O56: ='사양 입력'!K10 -> 0 | Q56: IND TO HLT | T56: CAN, W/O CHIME | W56: EA | X56: 조명석 | Z56: =VLOOKUP(D56,원가정보3!$E$5:$K$1048576,5,0) -> 24491 | AA56: =Z56*O56 -> 0
A57: 283 | C57: 1 | D57: 26000120G0200 | E57: 1760 | F57: 0 | G57: PIT SWITCH | H57: 26000120G02 | I57: BUY | J57: 1 | K57: 260A05 | L57: 외작(ROH) | O57: 1 | T57: PIT SWITCH ASSY (EN 81-20/50) | U57: WITHOUT PRST CABLE | W57: EA | X57: 조명석 | Z57: =VLOOKUP(D57,원가정보3!$E$5:$K$1048576,5,0) -> 75522 | AA57: =Z57*O57 -> 75522
A58: 284 | C58: 1 | D58: 28610018G0100 | E58: 1770 | F58: 0 | G58: SWITCH BRACKET | H58: 28610018G01 | I58: BUY | J58: 1 | K58: 260A06 | L58: 외작(ROH) | O58: 2 | T58: BRACKET FOR PREVENTING INS S/W FROM ROTATING | U58: FOR KS190328 | W58: EA | X58: 조명석 | Z58: =VLOOKUP(D58,원가정보3!$E$5:$K$1048576,5,0) -> 669.9 | AA58: =Z58*O58 -> 1339.8
A59: 285 | C59: 1 | D59: 26000099G0100 | E59: 1780 | F59: 0 | G59: EMER STOP SWITCH | H59: 26000099G01 | I59: BUY | J59: 1 | K59: 260A07 | L59: 외작(ROH) | O59: 1 | T59: PIT E-STOP SWITCH (EN 81-20/50) | U59: FOR HIGH PIT | W59: EA | X59: 조명석 | Z59: =VLOOKUP(D59,원가정보3!$E$5:$K$1048576,5,0) -> 20097 | AA59: =Z59*O59 -> 20097
A60: 286 | C60: 1 | D60: 26000074G0500 | E60: 1790 | F60: 0 | G60: LAMP | H60: 26000074G01 | I60: BUY | J60: 2 | K60: 260B04 | L60: 외작(ROH) | O60: 1 | T60: LED TYPE, FOR EMERGENCY, CABLE 3M | U60: 80 X 15 PCB 1EA, DC12~14V, 185mA | W60: EA | X60: 조명석 | Z60: =VLOOKUP(D60,원가정보3!$E$5:$K$1048576,5,0) -> 6922.3 | AA60: =Z60*O60 -> 6922.3
A61: 287 | C61: 1 | D61: 26000112G0100 | E61: 1800 | F61: 0 | G61: EMER. LAMP | H61: 26000112G01 | I61: BUY | J61: 2 | K61: 260B04 | L61: 외작(ROH) | O61: 1 | T61: LED TYPE, FOR EMERGENCY, CABLE 4M | U61: DC12~14V, 270mA | W61: EA | X61: 조명석 | Z61: =VLOOKUP(D61,원가정보3!$E$5:$K$1048576,5,0) -> 6140.2 | AA61: =Z61*O61 -> 6140.2
A62: 288 | C62: 1 | D62: 26000109G1000 | E62: 1810 | F62: 0 | G62: HOISTWAY LAMP | H62: 26000109G10 | I62: BUY | J62: 1 | K62: 260C01 | L62: 외작(ROH) | O62: 1 | T62: 15W LED | U62: FOR OVERHEAD | W62: EA | X62: 조명석 | Z62: =VLOOKUP(D62,원가정보3!$E$5:$K$1048576,5,0) -> 12002.1 | AA62: =Z62*O62 -> 12002.1
A63: 289 | C63: 1 | D63: 26000109G0300 | E63: 1820 | F63: 0 | G63: LAMP | H63: 26000109G03 | I63: BUY | J63: 1 | K63: 260C02 | L63: 외작(ROH) | O63: 1 | T63: 15W LED | U63: FOR CAR TOP, CABLE=4000MM | W63: EA | X63: 조명석 | Z63: =VLOOKUP(D63,원가정보3!$E$5:$K$1048576,5,0) -> 11499.4 | AA63: =Z63*O63 -> 11499.4
A64: 290 | C64: 1 | D64: 26000109G0800 | E64: 1830 | F64: 0 | G64: HOISTWAY LAMP | H64: 26000109G08 | I64: BUY | J64: 1 | K64: 260C03 | L64: 외작(ROH) | O64: 2 | T64: 15W LED | U64: FOR PIT | W64: EA | X64: 조명석 | Z64: =VLOOKUP(D64,원가정보3!$E$5:$K$1048576,5,0) -> 12225.4 | AA64: =Z64*O64 -> 24450.8
A65: 291 | C65: 1 | D65: 26000109G0900 | E65: 1840 | F65: 0 | G65: HOISTWAY LAMP | H65: 26000109G09 | I65: BUY | J65: 1 | K65: 260C04 | L65: 외작(ROH) | O65: =ROUNDUP('사양 입력'!$C$14/5000+1,0) -> 12 | T65: 15W LED | U65: FOR HOISTWAY | W65: EA | X65: 조명석 | Z65: =VLOOKUP(D65,원가정보3!$E$5:$K$1048576,5,0) -> 12225.4 | AA65: =Z65*O65 -> 146704.8
A66: 292 | C66: 1 | D66: 26000111G0100 | E66: 1850 | F66: 0 | G66: LAMP SWITCH | H66: 26000111G01 | I66: BUY | J66: 1 | K66: 260C05 | L66: 외작(ROH) | O66: 1 | T66: HOISTWAY LAMP SWITCH | U66: . | W66: EA | X66: 조명석 | Z66: =VLOOKUP(D66,원가정보3!$E$5:$K$1048576,5,0) -> 22330 | AA66: =Z66*O66 -> 22330
A67: 313 | C67: 1 | D67: =IF('사양 입력'!$G$9="NO","28610048G0200","28610053G0200") -> 28610048G0200 | E67: 2070 | F67: 0 | G67: CAR TOP BOX ASSY | H67: =LEFT(D67,11) -> 28610048G02 | I67: BUY | J67: 1 | K67: 286A | L67: 외작(ROH) | O67: 1 | T67: EN81-20,DOMESTIC | U67: GEL,P2 DOOR, CABLE:5.6M | W67: EA | X67: 조명석 | Z67: =VLOOKUP(D67,원가정보3!$E$5:$K$1048576,5,0) -> 358061 | AA67: =Z67*O67 -> 358061
D68: 26400022G0200 | G68: LOAD CP_N ASSY | H68: 26400022G02 | O68: 1 | X68: 조명석 | Z68: =VLOOKUP(D68,원가정보3!$E$5:$K$1048576,5,0) -> 27347.1 | AA68: =Z68*O68 -> 27347.1
D69: 25910179G0100 | G69: INTERLOCK CABLE | H69: =LEFT(D69,11) -> 25910179G01 | L69: 외작(ROH) | O69: ='사양 입력'!C7 -> 15 | X69: 조명석 | Z69: =VLOOKUP(D69,원가정보3!$E$5:$K$1048576,5,0) -> 6956.4 | AA69: =Z69*O69 -> 104346
D70: 25910180G0200 | G70: PIT ETC SWITCH CABLE | H70: =LEFT(D70,11) -> 25910180G02 | L70: 외작(ROH) | O70: 1 | X70: 조명석 | Z70: =VLOOKUP(D70,원가정보3!$E$5:$K$1048576,5,0) -> 41310.5 | AA70: =Z70*O70 -> 41310.5
A71: 37 | C71: 1 | D71: 20410214G0400 | E71: 440 | F71: 0 | G71: TM E-STOP S/W OPT ASSY | H71: 20410214G04 | I71: BUY | J71: 1 | K71: 204B25 | L71: 외작(ROH) | N71: 1 | O71: 1 | T71: WBLX_PWM | U71: L=10000mm | W71: EA | X71: 조명석 | Z71: =VLOOKUP(D71,원가정보3!$E$5:$K$1048576,5,0) -> 21274 | AA71: =Z71*O71 -> 21274
A72: 38 | C72: 1 | D72: 285B0001G2400 | E72: 450 | F72: 1 | G72: OVERLOAD SWITCH | H72: 285B0001G24 | I72: BUY | J72: M | K72: 120B05 | L72: 외작(ROH) | N72: 1 | O72: 1 | T72: GSP | U72: GSB240DK, GSB320DK | W72: EA | X72: 조명석 | Z72: =VLOOKUP(D72,원가정보3!$E$5:$K$1048576,5,0) -> 19147.7 | AA72: =Z72*O72 -> 19147.7
D73: 28500012G0100 | G73: OVERLOAD SW BRACKET | H73: 28500012G01 | O73: 1 | X73: 김승훈 | Z73: =VLOOKUP(D73,원가정보3!$E$5:$K$1048576,5,0) -> 27912.5 | AA73: =Z73*O73 -> 27912.5 | AB73: 추가 20231101
D74: 28500012G0200 | G74: LOAD SENSOR BRACKET | H74: 28500012G02 | O74: 2 | X74: 김승훈 | Z74: =VLOOKUP(D74,원가정보3!$E$5:$K$1048576,5,0) -> 18980.5 | AA74: =Z74*O74 -> 37961 | AB74: 추가 20231101
D75: 25900124G0200 | G75: CAR CABLE | H75: 25900124G01 | L75: 외작(ROH) | O75: 1 | X75: 조명석 | Z75: =VLOOKUP(D75,원가정보3!$E$5:$K$1048576,5,0) -> 21827.3 | AA75: =Z75*O75 -> 21827.3
D76: 26300281G2200 | G76: HIP 원형 DOT | H76: 26300281G22 | O76: =IF('사양 입력'!$J$5=WBSS!G76,'사양 입력'!$K$5,0) -> 0 | X76: 조명석 | Z76: =VLOOKUP(D76,원가정보3!$E$5:$K$1048576,5,0) -> 27129 | AA76: =Z76*O76 -> 0
D77: 26310576G1100 | G77: HIP 사각형 DOT | H77: 26310576G11 | O77: =IF('사양 입력'!$J$5=WBSS!G77,'사양 입력'!$K$5,0) -> 14 | X77: 조명석 | Z77: =VLOOKUP(D77,원가정보3!$E$5:$K$1048576,5,0) -> 27522 | AA77: =Z77*O77 -> 385308
D78: 26400111G1100 | G78: HIP LCD | H78: 26400111G11 | O78: =IF('사양 입력'!$J$5=WBSS!G78,'사양 입력'!$K$5,0) -> 0 | X78: 조명석 | Z78: =VLOOKUP(D78,원가정보3!$E$5:$K$1048576,5,0) -> 113883 | AA78: =Z78*O78 -> 0
D79: 26200135G1100 | G79: HPI 원형 DOT | H79: 26200135G11 | O79: =IF('사양 입력'!$J$7=WBSS!G79,'사양 입력'!$K$7,0) -> 0 | X79: 조명석 | Z79: =VLOOKUP(D79,원가정보3!$E$5:$K$1048576,5,0) -> 27216 | AA79: =Z79*O79 -> 0
D80: 26210119G1100 | G80: HPI 사각형 DOT | H80: 26210119G11 | O80: =IF('사양 입력'!$J$7=WBSS!G80,'사양 입력'!$K$7,0) -> 1 | X80: 조명석 | Z80: =VLOOKUP(D80,원가정보3!$E$5:$K$1048576,5,0) -> 25435 | AA80: =Z80*O80 -> 25435
D81: 26400105G1200 | G81: HPI LCD | H81: 26400105G12 | O81: =IF('사양 입력'!$J$7=WBSS!G81,'사양 입력'!$K$7,0) -> 0 | X81: 조명석 | Z81: =VLOOKUP(D81,원가정보3!$E$5:$K$1048576,5,0) -> 117232.5 | AA81: =Z81*O81 -> 0
D82: 26200135G1100 | G82: CPI 원형 DOT | H82: 26200135G11 | O82: =IF('사양 입력'!$J$8=WBSS!G82,'사양 입력'!$K$8,0) -> 0 | X82: 조명석 | Z82: =VLOOKUP(D82,원가정보3!$E$5:$K$1048576,5,0) -> 27216 | AA82: =Z82*O82 -> 0
D83: 26210119G1100 | G83: CPI 사각형 DOT | H83: 26210119G11 | O83: =IF('사양 입력'!$J$8=WBSS!G83,'사양 입력'!$K$8,0) -> 1 | X83: 조명석 | Z83: =VLOOKUP(D83,원가정보3!$E$5:$K$1048576,5,0) -> 25435 | AA83: =Z83*O83 -> 25435
D84: 26400105G1200 | G84: CPI LCD | H84: 26400105G12 | O84: =IF('사양 입력'!$J$8=WBSS!G84,'사양 입력'!$K$8,0) -> 0 | X84: 조명석 | Z84: =VLOOKUP(D84,원가정보3!$E$5:$K$1048576,5,0) -> 117232.5 | AA84: =Z84*O84 -> 0
D85: 28010878G1100 | G85: COP 원형 DOT | H85: 28010878G11 | O85: =IF('사양 입력'!$J$4=WBSS!G85,'사양 입력'!$K$4,0) -> 0 | X85: 조명석 | Z85: =VLOOKUP(D85,원가정보3!$E$5:$K$1048576,5,0) -> 68345 | AA85: =Z85*O85 -> 0
D86: 26310576G1300 | G86: COP 사각형 DOT | H86: 26310576G13 | O86: =IF('사양 입력'!$J$4=WBSS!G86,'사양 입력'!$K$4,0) -> 1 | X86: 조명석 | Z86: =VLOOKUP(D86,원가정보3!$E$5:$K$1048576,5,0) -> 27522 | AA86: =Z86*O86 -> 27522
D87: 28010372G1100 | G87: COP LCD | H87: 28010372G11 | O87: =IF('사양 입력'!$J$4=WBSS!G87,'사양 입력'!$K$4,0) -> 0 | X87: 조명석 | Z87: =VLOOKUP(D87,원가정보3!$E$5:$K$1048576,5,0) -> 94343.7 | AA87: =Z87*O87 -> 0
D88: 28010878G1200 | G88: 표준 COP BOARD | H88: 28010878G12 | O88: =IF(NOT('사양 입력'!J4="COP 원형 DOT"),1,0) -> 1 | X88: 조명석 | Z88: =VLOOKUP(D88,원가정보3!$E$5:$K$1048576,5,0) -> 54167 | AA88: =Z88*O88 -> 54167
D89: 28100053G1100 | G89: WCOP BOARD | H89: 28100053G11 | O89: ='사양 입력'!$K$9 -> 0 | X89: 조명석 | Z89: =VLOOKUP(D89,원가정보3!$E$5:$K$1048576,5,0) -> 17030 | AA89: =Z89*O89 -> 0
D90: 29100059G0100 | G90: CP PHONE DI-PBX EN81-A3 | H90: 29100059G01 | O90: =IF('사양 입력'!$K$11="Y",2,0) -> 0 | X90: 조명석 | Z90: =VLOOKUP(D90,원가정보3!$E$5:$I$1048576,5,0) -> 8932 | AA90: =Z90*O90 -> 0
D91: 29100059G0300 | G91: CP PHONE DI-PBX, PCB COATING EN81-A3 | H91: 29100059G03 | O91: =IF('사양 입력'!$K$11="Y",1,0) -> 0 | X91: 조명석 | Z91: =VLOOKUP(D91,원가정보3!$E$5:$I$1048576,5,0) -> 10048.5 | AA91: =Z91*O91 -> 0
D92: 29110021G0100 | G92: PC BOARD LP-OPB PHONE2 A'SSY 120x110x1.6 | H92: 29110021G01 | O92: =IF('사양 입력'!$K$11="Y",1,0) -> 0 | X92: 조명석 | Z92: =VLOOKUP(D92,원가정보3!$E$5:$I$1048576,5,0) -> 80638.8 | AA92: =Z92*O92 -> 0
D93: 29110025G0100 | G93: PIT PHONE BOX PIT PHONE BOX 134x259x90.1 | H93: 29110025G01 | O93: =IF('사양 입력'!$K$11="Y",1,0) -> 0 | X93: 조명석 | Z93: =VLOOKUP(D93,원가정보3!$E$5:$I$1048576,5,0) -> 4912.6 | AA93: =Z93*O93 -> 0
D94: 29110017G4100 | G94: HYBRID-PBX4 DI-PBX, WIRELESS 4CH | H94: 29110017G41 | O94: =IF('사양 입력'!$K$11="Y",1,0) -> 0 | X94: 조명석 | Z94: =VLOOKUP(D94,원가정보3!$E$5:$I$1048576,5,0) -> 208785.5 | AA94: =Z94*O94 -> 0
D95: 23000049G0100 | G95: JOB SITE TOOL WBSS1(FLEXIBLE) FOR HOIST | H95: 23000049G01 | O95: =IF('사양 입력'!$K$12="Y",5,0) -> 0 | X95: 조명석 | Z95: =VLOOKUP(D95,원가정보3!$E$5:$I$1048576,5,0) -> 644.6 | AA95: =Z95*O95 -> 0
D96: 23000049G1700 | G96: FLEXIBLE TUBE GW 36 LENGTH = 7 MR | H96: 23000049G17 | O96: =IF('사양 입력'!$K$12="Y",1,0) -> 0 | X96: 조명석 | Z96: =IFERROR((VLOOKUP(D96,원가정보3!$E$5:$I$1048576,5,0)),0) -> 21228.9 | AA96: =Z96*O96 -> 0 | AB96: 추가 20231101
D97: 13110148G0100 | G97: DOOR MOTOR M1,HIDC-INT4I 0.4kW,FRANGE TY | O97: =IF('사양 입력'!$K$16="Y",1,0) -> 0 | X97: 김승훈 | Z97: =VLOOKUP(D97,원가정보3!$E$5:$I$1048576,5,0) -> 131300.4 | AA97: =Z97*O97 -> 0
D98: 13110152G0400 | G98: ENCODER METRONIX,AUTONICS,KWANGWOO 2500 | O98: =IF('사양 입력'!$K$16="Y",1,0) -> 0 | X98: 김승훈 | Z98: =VLOOKUP(D98,원가정보3!$E$5:$I$1048576,5,0) -> 43529.2 | AA98: =Z98*O98 -> 0
D99: 26300170G1100 | G99: HALL CPU ASSY | H99: 26300170G1100 | O99: =IF('사양 입력'!$K$17="Y",1,0) -> 0 | Q99: 영진 에스코드등 기능 | X99: 김승훈 | Z99: =VLOOKUP(D99,원가정보3!$E$5:$I$1048576,5,0) -> 39420.7 | AA99: =Z99*O99 -> 0
D100: 259C0151G0100 | G100: CABLE,HALL LANTERN ASSY | H100: 259C0151G0100 | O100: =IF('사양 입력'!$K$17="Y",1,0) -> 0 | Q100: 영진 에스코드등 기능 | X100: 김승훈 | Z100: =VLOOKUP(D100,원가정보3!$E$5:$I$1048576,5,0) -> 0 | AA100: =Z100*O100 -> 0
D101: HX058014H0200 | G101: CABLE EVV 1.5SQ X 4C KS IEC 60227 | H101: HX058014H0200 | O101: =IF('사양 입력'!$K$17="Y",(2000+'사양 입력'!C11+'사양 입력'!C12-2100+5000)/1000,"0") -> 0 | Q101: 영진 에스코드등 기능 | X101: 김승훈 | Z101: =VLOOKUP(D101,원가정보3!$E$5:$I$1048576,5,0) -> 1745.7 | AA101: =Z101*O101 -> 0
D102: 259D0394G0100 | G102: CABLE FOR ESCORT LIGHT | H102: 259D0394G0100 | O102: =IF('사양 입력'!$K$17="Y",1,0) -> 0 | Q102: 영진 에스코드등 기능 | X102: 김승훈 | Z102: =VLOOKUP(D102,원가정보3!$E$5:$I$1048576,5,0) -> 3149.3 | AA102: =Z102*O102 -> 0
...

Sheet WBST
B2: WBST
D3: 수배관련 203339L01현장 참고하여 작성
A5: NO | B5: 변경 | C5: Level | D5: 공사/파트 번호 | E5: seq | F5: 버전 | G5: 공사/파트 명 | H5: G/L CODE | I5: 오더 | J5: 품목구분 | K5: Block No | L5: 내/외작 | M5: 사급 | N5: 수정 | O5: 수량 | P5: 공사수량 | Q5: 주석 | R5: 공사주석 | S5: 전용 | T5: SPEC | U5: SIZE | V5: 특별조달유형 | W5: 단위 | X5: BOM등록자 | Y5: BOM등록일 | Z5: BOM수정일 | AA5: 별도자재 | AB5: 단가 | AC5: 금액 | AD5: 합계
C6: 1 | D6: =IF('사양 입력'!$G$4="GD",VLOOKUP('사양 입력'!$G$4&'사양 입력'!$G$5&'사양 입력'!$G$6&'사양 입력'!$C$16&'사양 입력'!$G$12,'CP ASSY'!$U$12:$V$260,2,FALSE),"ERROR") -> ERROR | G6: CP ASSY (내작) | H6: =LEFT(D6,11) -> ERROR | O6: =IF(D6="ERROR","N/A",1) -> N/A | Q6: =VLOOKUP(D6,'[2]CP ASSY'!$D$12:$L$260,9,0) -> #N/A | X6: 조명석 | AB6: =VLOOKUP(D6,원가정보3!E5:I736,5,0) -> #N/A | AC6: =AB6*O6 -> #N/A | AD6: =SUMIF(AC6:AC118,"<>#n/a") -> 3828060.1 | AE6: 제어반 | AF6: =SUMIF(AC6:AC28,"<>#n/a") -> 633256.91
D7: =VLOOKUP($D$6,'CP ASSY'!$V$12:$AA$260,6,FALSE)&"00" -> #N/A | G7: CP ASSY (외주) | H7: =LEFT(D7,11) -> #N/A | O7: =IF('사양 입력'!G4="GD",1,"ERROR") -> ERROR | X7: 조명석 | AB7: =VLOOKUP(D7,원가정보3!E6:I737,5,0) -> #N/A | AC7: =AB7*O7 -> #N/A | AE7: 카탑 | AF7: =AC67 -> 358061
D8: 20400790G0200 | G8: USAF BOARD | H8: 20400790G02 | O8: 1 | X8: 조명석 | AB8: =VLOOKUP(D8,원가정보3!E7:I738,5,0) -> 56393 | AC8: =AB8*O8 -> 56393 | AE8: 의장보드 | AF8: =SUM(AC76:AC89) -> 517867
D9: 20400474G0400 | G9: UCMP BOARD ASSY | H9: 20400474G04 | O9: 1 | X9: 조명석 | AB9: =VLOOKUP(D9,원가정보3!E8:I739,5,0) -> #N/A | AC9: =AB9*O9 -> #N/A | AD9: 추가 20240125 | AE9: 케이블 | AF9: =SUM(AC33:AC56) -> 1561949.4
D10: =IF('사양 입력'!G14="EL TECH","20400641G0600",IF('사양 입력'!G14="SAFE TECH","20400641G0500",IF('사양 입력'!G14="MAJOR TECH","20400641G0800",IF('사양 입력'!G14="ROPE GRIPPER","20400641G0400")))) -> 20400641G0600 | G10: ROPE BRAKE OPT ASSY | H10: =LEFT(D10,11) -> 20400641G06 | O10: 1 | AB10: =VLOOKUP(D10,원가정보3!E9:I740,5,0) -> 48790 | AC10: =AB10*O10 -> 48790 | AD10: 추가 20240227 | AE10: 승강로부품 | AF10: =SUM(AC30:AC32)+SUM(AC57:AC66)+SUM(AC68:AC75) -> 657185.5
D11: 20400900G0500 | G11: VCON BOARD | H11: 20400900G05 | O11: 1 | X11: 조명석 | AB11: =VLOOKUP(D11,원가정보3!E10:I741,5,0) -> 30754 | AC11: =AB11*O11 -> 30754 | AE11: FLS | AF11: =AC29 -> 99740.295
D12: 20411025G0100 | G12: HHT-WB100N-SE ASSY | H12: 20411025G01 | O12: 1 | X12: 조명석 | AB12: =VLOOKUP(D12,원가정보3!E11:I742,5,0) -> 98455 | AC12: =AB12*O12 -> 98455 | AE12: 옵션 | AF12: =SUM(AC104:AC109) -> 0
D13: 259D0202G0500 | G13: GROUP CABLE | L13: 외작(ROH) | O13: =IF('사양 입력'!$G$10="2 CAR",1,0) -> 0 | Q13: 15 MR | X13: 조명석 | AB13: =VLOOKUP(D13,원가정보3!E12:I743,5,0) -> 18270 | AC13: =AB13*O13 -> 0
C14: 2 | D14: =IF($S$14=20,"HX062002H0900",IF($S$14=30,"HX062002H1000",IF($S$14=40,"HX062002H1100",IF($S$14=50,"HX062002H1200",IF($S$14=60,"HX062002H1300",IF($S$14=75,"HX062002H1400",FALSE)))))) -> HX062002H1000 | G14: MCCB | H14: =LEFT(D14,11) -> HX062002H10 | O14: 1 | R14: 전류 | S14: ='DROP DOWN 지정'!$AG$11 -> 30 | X14: 조명석 | AB14: =VLOOKUP(D14,원가정보3!E13:I744,5,0) -> 34510 | AC14: =AB14*O14 -> 34510
C15: 2 | D15: =IF('사양 입력'!$C$5<=11.3,"20410089G0600",IF(AND('사양 입력'!$C$5>11.3,'사양 입력'!$C$5<13),"20410089G0700",IF(AND('사양 입력'!$C$5>=13.1,'사양 입력'!$C$5<=14.1),"20410089G1000",IF(AND('사양 입력'!$C$5>=14.2,'사양 입력'!$C$5<=21),"20410089G0100",IF(AND('사양 입력'!$C$5>=21.1,'사양 입력'!$C$5<=26.5),"20410089G0800",IF(AND('사양 입력'!$C$5>=26.6,'사양 입력'!$C$5<=33),"20410089G0400","용량오류")))))) -> 20410089G0600 | G15: TERMINAL LUG | H15: =LEFT(D15,11) -> 20410089G06 | O15: 2 | X15: 조명석 | AB15: =VLOOKUP(D15,원가정보3!E14:I745,5,0) -> 7612 | AC15: =AB15*O15 -> 15224
C16: 2 | D16: =IF(AND('사양 입력'!$G$9="NO",'사양 입력'!$G$13="AC 220V"),"20401315G0200",IF(AND('사양 입력'!$G$9="NO",'사양 입력'!$G$13="AC 110V"),"20401315G1400",IF(AND('사양 입력'!$G$9="YES",'사양 입력'!$G$13="AC 220V"),"20401315G0300",IF(AND('사양 입력'!$G$9="YES",'사양 입력'!$G$13="AC 110V"),"20401315G1500",FALSE)))) -> 20401315G0200 | G16: TRANSFORMER | H16: =LEFT(D16,11) -> 20401315G02 | O16: 1 | X16: 조명석 | AB16: =VLOOKUP(D16,원가정보3!E15:I746,5,0) -> 90098 | AC16: =AB16*O16 -> 90098
C17: 2 | D17: HX001064H0400 | G17: CP NAME PLATE | H17: HX001064H04 | O17: 1 | X17: 조명석 | AB17: =VLOOKUP(D17,원가정보3!E16:I747,5,0) -> 339.416 | AC17: =AB17*O17 -> 339.416
C18: 2 | D18: 28500005G0100 | G18: LOAD SENSOR | H18: 28500005G01 | O18: 0 | X18: 조명석 | AB18: =VLOOKUP(D18,원가정보3!E17:I748,5,0) -> 13195 | AC18: =AB18*O18 -> 0
D19: 20410326G0200 | G19: BYPASS BUZZER | H19: 20410326G02 | I19: BUY | J19: 1 | K19: 244A | L19: 외작(ROH) | N19: 1 | O19: 1 | T19: WBVF, LOCATION=CAR BOTTOM | U19: 220 | W19: EA | X19: 조명석 | Y19: 45002.589 | Z19: 45002.589 | AB19: =VLOOKUP(D19,원가정보3!E18:I749,5,0) -> 12768 | AC19: =AB19*O19 -> 12768
D20: 20401397G3000 | E20: 680 | F20: 0 | G20: HALL PWR OPT ASSY | H20: 20401397G30 | I20: BUY | J20: 1 | K20: 204B20 | L20: 외작(roh) | O20: =IF('DROP DOWN 지정'!$X$35>3000,1,0) -> 0 | T20: UNDER 12A, BELOW 30FL | U20: WITH BOX | W20: EA | X20: 조명석 | AB20: =VLOOKUP(D20,원가정보3!E19:I750,5,0) -> 79170 | AC20: =AB20*O20 -> 0
D21: 20400955G0200 | E21: 600 | F21: 0 | G21: FR OPT ASSY | H21: 20400955G02 | I21: BUY | J21: 1 | K21: 204B08 | L21: 외작(roh) | O21: =IF('사양 입력'!$C$14>31000,1,0) -> 1 | T21: FOR EMERGENCY (EN81-A3) | X21: 조명석 | AB21: =VLOOKUP(D21,원가정보3!E20:I751,5,0) -> 20300 | AC21: =AB21*O21 -> 20300
D22: 20600093G0100 | E22: 1390 | F22: 0 | G22: PC BOARD | H22: 20600093G01 | I22: BUY | J22: 1 | K22: 206A | L22: 외작(roh) | O22: =O21 -> 1 | T22: ELD RST SENSING BOARD | X22: 조명석 | AB22: =VLOOKUP(D22,원가정보3!E21:I752,5,0) -> 6830 | AC22: =AB22*O22 -> 6830
D23: 20411328G0100 | G23: CP MANUAL | O23: 1 | AB23: =VLOOKUP(D23,원가정보3!E22:I753,5,0) -> 12078 | AC23: =AB23*O23 -> 12078 | AD23: 추가 20231101
D24: =REPLACE($D$25,9,1,"P") -> ERROR00P | G24: INVERTER (내작) | O24: 1 | X24: 조명석 | AB24: =VLOOKUP(D24,원가정보3!E23:I754,5,0) -> #N/A | AC24: =AB24*O24 -> #N/A
D25: =H25&"00" -> ERROR00 | G25: INVERTER (외주) | H25: =IF('사양 입력'!$G$4="GD",VLOOKUP('사양 입력'!$G$4&'사양 입력'!$G$5&'사양 입력'!$G$6&'사양 입력'!$C$16&'사양 입력'!$G$12,'CP ASSY'!$U$12:$Z$260,4,FALSE),"ERROR") -> ERROR | O25: 1 | Q25: =IF('사양 입력'!$G$4="GD",VLOOKUP('사양 입력'!$G$4&'사양 입력'!$G$5&'사양 입력'!$G$6&'사양 입력'!$C$16&'사양 입력'!$G$12,'CP ASSY'!$U$12:$Z$260,4,FALSE),"ERROR") -> ERROR | X25: 조명석 | AB25: =VLOOKUP(D25,원가정보3!E24:I755,5,0) -> #N/A | AC25: =AB25*O25 -> #N/A
D26: =H29&"00" -> 24110040G0300 | G26: PIM/IPM | H26: =LEFT(D26,11) -> 24110040G03 | O26: =IF('사양 입력'!$G$6="일반형",1,2) -> 1 | X26: 조명석 | AB26: =VLOOKUP(D26,원가정보3!E25:I756,5,0) -> 99740.295 | AC26: =AB26*O26 -> 99740.295 | AK26: =IF('사양 입력'!$G$4="GD",VLOOKUP('사양 입력'!$G$4&'사양 입력'!$G$5&'사양 입력'!$G$6&'사양 입력'!$C$16&'사양 입력'!$G$12,'CP ASSY'!$U$12:$Z$260,6,FALSE),"ERROR") -> ERROR
D27: 101C0537G0100 | G27: ENCODER | H27: 101C0537G01 | O27: 1 | X27: 조명석 | AB27: =VLOOKUP(D27,원가정보3!E26:I757,5,0) -> 75604.1 | AC27: =AB27*O27 -> 75604.1
D28: 20000126G0100 | G28: ENCODER COVER | H28: 20000126G01 | O28: 1 | X28: 조명석 | AB28: =VLOOKUP(D28,원가정보3!E27:I758,5,0) -> 31373.1 | AC28: =AB28*O28 -> 31373.1
A29: 37 | C29: 1 | D29: =IF('사양 입력'!$C$8=30,"24110040G0100",IF('사양 입력'!$C$8=45,"24110040G0200",IF('사양 입력'!$C$8=60,"24110040G0300",IF('사양 입력'!$C$8=90,"24110040G0400",IF('사양 입력'!$C$8=105,"24110040G0500",IF('사양 입력'!$C$8=120,"24110040G0600",IF('사양 입력'!$C$8=150,"24110040G0700",FALSE))))))) -> 24110040G0300 | E29: 160 | F29: 0 | G29: FLS ASSY | H29: =LEFT(D29,11) -> 24110040G03 | I29: BUY | J29: 1 | K29: 241A | L29: 외작(ROH) | O29: 1 | Q29: * KS 케이블 적용 | T29: 13K RAIL, 105M/MIN | U29: . | W29: EA | X29: 조명석 | Y29: 45001.746 | AB29: =VLOOKUP(D29,원가정보3!E26:I757,5,0) -> 99740.295 | AC29: =AB29*O29 -> 99740.295
A30: 264 | C30: 1 | D30: 24200129G0200 | E30: 1570 | F30: 0 | G30: LCD ASSY | H30: 24200129G02 | I30: BUY | J30: 1 | K30: 242A | L30: 외작(ROH) | O30: 1 | T30: WBLX, WBSS1 (RAIL TYPE) | U30: 4MR | W30: EA | X30: 조명석 | Y30: 44964.611 | AB30: =VLOOKUP(D30,원가정보3!E27:I758,5,0) -> 43654.6 | AC30: =AB30*O30 -> 43654.6
A31: 265 | C31: 1 | D31: 24200128G0200 | E31: 1580 | F31: 0 | G31: LCD VANE ASSY | H31: 24200128G02 | I31: BUY | J31: 1 | K31: 242A01 | L31: 외작(ROH) | O31: ='사양 입력'!C7 -> 15 | Q31: 8~18K RAIL | T31: STOP | U31: 13K,18K RAIL | W31: EA | X31: 조명석 | Y31: 44964.611 | AB31: =VLOOKUP(D31,원가정보3!E28:I759,5,0) -> 3390.2 | AC31: =AB31*O31 -> 50853
A32: 266 | C32: 1 | D32: 242C0130G0100 | E32: 1590 | F32: 0 | G32: BRACKET | H32: 242C0130G01 | I32: BUY | J32: 1 | K32: 242A02 | L32: 외작(ROH) | O32: =ROUNDUP(O31/5,0) -> 3 | T32: L=500MM | U32: . | W32: EA | X32: 조명석 | Y32: 44964.611 | AB32: =VLOOKUP(D32,원가정보3!E29:I760,5,0) -> 806.3 | AC32: =AB32*O32 -> 2418.9
A33: 40 | C33: 1 | D33: =IF('사양 입력'!C7<10,"25900933G0"&'사양 입력'!C7&"00","25900933G"&'사양 입력'!C7&"00") -> 25900933G1500 | E33: 190 | F33: 0 | G33: CABLE | H33: =LEFT(D33,11) -> 25900933G15 | I33: BUY | J33: 3 | K33: 259A | L33: 외작(ROH) | O33: 1 | Q33: * CP TO DUCT HOLE (SA) : 5250(MM) * HALL COM & INT HARNESS용 TT 값 : 9850 * TOTAL HEIGHT (TH) : 38150(MM) * TRAVEL HEIGHT (TR) : 31150(MM) * OVER HEAD (OH) : 5200(MM) * PIT (PIT) : 1800(MM) * 비상용 엘리베이터 : NO * HA (통신) = 3500mm로 제작 * HB (INTERLOCK) = 200mm로 제작 * T-CABLE HARNESS는 25900972G01을 따를 것 | T33: FIELD HARNESS CABLE (EN81-20/50) | U33: 11 | W33: EA | X33: 조명석 | Y33: 45001.746 | AB33: =VLOOKUP(D33,원가정보3!E30:I761,5,0) -> 131715.1 | AC33: =AB33*O33 -> 131715.1
A34: 41 | C34: 1 | D34: 25900888G0100 | E34: 200 | F34: 0 | G34: CABLE | H34: 25900888G01 | I34: BUY | J34: 3 | K34: 259A22 | L34: 외작(ROH) | O34: 1 | T34: FOR EN-20/50 | U34: . | W34: EA | X34: 조명석 | Y34: 45001.746 | AB34: =VLOOKUP(D34,원가정보3!E31:I762,5,0) -> 13311.1 | AC34: =AB34*O34 -> 13311.1
A35: 42 | C35: 1 | D35: 25900980G0900 | E35: 210 | F35: 0 | G35: CABLE ASSY | H35: 25900980G09 | I35: BUY | J35: 3 | K35: 259A22 | L35: 외작(ROH) | O35: 1 | T35: FOR PIT LAMP | U35: . | W35: EA | X35: 조명석 | Y35: 45001.746 | AB35: =VLOOKUP(D35,원가정보3!E32:I763,5,0) -> 3059.1 | AC35: =AB35*O35 -> 3059.1
D36: =IF('사양 입력'!G14="EL TECH","259C0168G0700",IF('사양 입력'!G14="SAFE TECH","259C0168G0800",IF('사양 입력'!G14="MAJOR TECH","259C0168G1500",IF('사양 입력'!G14="ROPE GRIPPER","259C0168G0600")))) -> 259C0168G0700 | G36: ROPE BRAKE CABLE HARNESS | H36: =LEFT(D36,11) -> 259C0168G07 | O36: 1 | AB36: =VLOOKUP(D36,원가정보3!E33:I764,5,0) -> #N/A | AD36: 추가 20240227
D37: 25900932G2000 | E37: 1600 | F37: 1 | G37: CABLE | H37: 25900932G20 | I37: BUY | J37: 3 | K37: 259A40 | L37: 외작(roh) | O37: =IF(O31<=20,O20,0) -> 0 | T37: OVER 3A, 1CORE | X37: 조명석 | AB37: =VLOOKUP(D37,원가정보3!E34:I765,5,0) -> 22330 | AC37: =AB37*O37 -> 0
D38: 25900932G3000 | E38: 1600 | F38: 1 | G38: CABLE | H38: 25900932G30 | I38: BUY | J38: 3 | K38: 259A40 | L38: 외작(roh) | O38: =IF(AND(O31>20,O31<30),O20,0) -> 0 | T38: OVER 3A, 1CORE | X38: 조명석 | AB38: =VLOOKUP(D38,원가정보3!E35:I766,5,0) -> 32378.5 | AC38: =AB38*O38 -> 0
A39: 43 | C39: 1 | D39: =IF('사양 입력'!$C$5<=7,"HX058004H0200",IF(AND('사양 입력'!$C$5>=7.1,'사양 입력'!$C$5<=11.3),"HX058004H0300",IF(AND('사양 입력'!$C$5>=11.4,'사양 입력'!$C$5<=14.1),"HX058004H0400",IF(AND('사양 입력'!$C$5>=14.2,'사양 입력'!$C$5<=20.6),"HX058004H0500",IF(AND('사양 입력'!$C$5>=20.7,'사양 입력'!$C$5<=26.5),"HX058004H0600",IF(AND('사양 입력'!$C$5>=26.6,'사양 입력'!$C$5<=33),"HX058004H0700",IF(AND('사양 입력'!$C$5>=33.1,'사양 입력'!$C$5<=50),"HX058004H0800","용량오류"))))))) -> HX058004H0200 | E39: 220 | F39: 0 | G39: POWER CABLE | H39: =LEFT(D39,11) -> HX058004H02 | I39: BUY | J39: 3 | K39: 259B01 | L39: 외작(ROH) | O39: 54 | Q39: POWER TO CP - 3 CORE 27 CP TO MOTOR - 3 CORE 27 | T39: KIV 16.0MMSQx1C, BLACK | U39: 750V, 70℃ | W39: M | X39: 조명석 | Y39: 45001.746 | AB39: =VLOOKUP(D39,원가정보3!E36:I767,5,0) -> 1027.4 | AC39: =AB39*O39 -> 55479.6
A40: 44 | C40: 1 | D40: =IF('사양 입력'!$C$5<=7,"HX058006H0200",IF(AND('사양 입력'!$C$5>=7.1,'사양 입력'!$C$5<=11.3),"HX058006H0300",IF(AND('사양 입력'!$C$5>=11.4,'사양 입력'!$C$5<=14.1),"HX058006H0400",IF(AND('사양 입력'!$C$5>=14.2,'사양 입력'!$C$5<=33),"HX058006H0500",IF(AND('사양 입력'!$C$5>=33.1,'사양 입력'!$C$5<=50),"HX058006H0600","용량오류"))))) -> HX058006H0200 | E40: 230 | F40: 1 | G40: CABLE | H40: =LEFT(D40,11) -> HX058006H02 | I40: BUY | J40: 3 | K40: 259B02 | L40: 외작(ROH) | O40: 18 | Q40: POWER TO CP - 1 CORE 9 CP TO MOTOR - 1 CORE 9 | T40: KIV 16SQ(GREEN-YELLOW) | U40: 750V, 70℃ | W40: M | X40: 조명석 | Y40: 45001.746 | AB40: =VLOOKUP(D40,원가정보3!E37:I768,5,0) -> 1027.4 | AC40: =AB40*O40 -> 18493.2
A41: 45 | C41: 1 | D41: HX058004H0100 | E41: 240 | F41: 0 | G41: LIGHTING CABLE | H41: HX058004H01 | I41: BUY | J41: 3 | K41: 259B03 | L41: 외작(ROH) | O41: 20 | Q41: POWER TO CP - 2 CORE 20 | T41: KIV 2.5MMSQx1C, BLACK | U41: 750V, 70℃ | W41: M | X41: 조명석 | Y41: 45001.746 | AB41: =VLOOKUP(D41,원가정보3!E38:I769,5,0) -> 671 | AC41: =AB41*O41 -> 13420
A42: 46 | C42: 1 | D42: HX058017H0100 | E42: 250 | F42: 0 | G42: CABLE | H42: HX058017H01 | I42: BUY | J42: 3 | K42: 259B04 | L42: 외작(ROH) | O42: 10 | Q42: FOR T-CABLE BINDING | T42: IV 2.0SQ,BLUE | U42: . | W42: M | X42: 조명석 | Y42: 45001.746 | AB42: =VLOOKUP(D42,원가정보3!E39:I770,5,0) -> 378.4 | AC42: =AB42*O42 -> 3784
A43: 47 | C43: 1 | D43: HX058010H0900 | E43: 260 | F43: 0 | G43: CABLE | H43: HX058010H09 | I43: BUY | J43: 3 | K43: 259B09 | L43: 외작(ROH) | O43: 11 | Q43: WAY TO PIT - 1 CORE 3 CP TO MOTOR THERMAL SW - 1 CORE 8 | T43: EVV 0.75SQ x 3C | U43: KS IEC 60227 | W43: M | X43: 조명석 | Y43: 45001.746 | AB43: =VLOOKUP(D43,원가정보3!E40:I771,5,0) -> 817.3 | AC43: =AB43*O43 -> 8990.3
A44: 48 | C44: 1 | D44: HX058010H1000 | E44: 270 | F44: 0 | G44: CABLE | H44: HX058010H10 | I44: BUY | J44: 3 | K44: 259B10 | L44: 외작(ROH) | O44: 4 | Q44: WAY TO PIT LAMP - 1 CORE 4 | T44: EVV 0.75SQ x 5C | U44: KS IEC 60227(EN 50525) | W44: M | X44: 조명석 | Y44: 45001.746 | AB44: =VLOOKUP(D44,원가정보3!E41:I772,5,0) -> 1196.8 | AC44: =AB44*O44 -> 4787.2
A45: 49 | C45: 1 | D45: HX058010H1200 | E45: 280 | F45: 0 | G45: CABLE | H45: HX058010H12 | I45: BUY | J45: 3 | K45: 259B11 | L45: 외작(ROH) | O45: =ROUNDUP(8+14+4+8+8.2+('사양 입력'!C12+'사양 입력'!C11)/1000,0) -> 92 | Q45: CP TO TM BRAKE - 1 CORE 8 CP TO ROPE BRAKE - 1 CORE 8 CP TO PIT(HIP & HPI & INTERLOCK) - 1 CORE 45 CP TO FLS(UPPER) - 1 CORE 14 WAY TO FLS(LOWER) - 1 CORE 4 | T45: EVV 0.75SQ x 8C | U45: KS IEC 60227 | W45: M | X45: 조명석 | Y45: 45001.746 | AB45: =VLOOKUP(D45,원가정보3!E42:I773,5,0) -> 1767.7 | AC45: =AB45*O45 -> 162628.4 | AD45: 변경 20240227
A46: 50 | C46: 1 | D46: HX058010H1500 | E46: 290 | F46: 0 | G46: CABLE | H46: HX058010H15 | I46: BUY | J46: 3 | K46: 259B13 | L46: 외작(ROH) | O46: =ROUNDUP(11+('사양 입력'!$C$11+'사양 입력'!$C$12)/1000,0) -> 61 | Q46: CP TO PIT ASSY - 1 CORE 48 | T46: EVV 0.75SQ x 20C | U46: KS IEC 60227 | W46: M | X46: 조명석 | Y46: 45001.746 | AB46: =VLOOKUP(D46,원가정보3!E43:I774,5,0) -> 3997.4 | AC46: =AB46*O46 -> 243841.4
D47: HX058014H0200 | E47: 1680 | F47: 0 | G47: CABLE | H47: HX058014H02 | I47: BUY | J47: 3 | K47: 259B18 | L47: 외작(roh) | O47: =IF(O20>=1,ROUNDUP((5000+'사양 입력'!$C$11+'사양 입력'!$C$12+4000)/1000,0),0) -> 0 | Q47: CP TO HALL POWER 1 - 1 CORE 99 | T47: EVV 1.5SQ x 4C | X47: 조명석 | AB47: =VLOOKUP(D47,원가정보3!E44:I775,5,0) -> 1745.7 | AC47: =AB47*O47 -> 0
A48: 51 | C48: 1 | D48: HX058012H0100 | E48: 300 | F48: 0 | G48: CABLE | H48: HX058012H01 | I48: BUY | J48: 3 | K48: 259B22 | L48: 외작(ROH) | O48: =ROUNDUP(16+'사양 입력'!$C$14/1000,0) -> 67 | Q48: CP TO PIT -1 CORE 54 | T48: UTP CAT5 X 2P | U48: . | W48: M | X48: 조명석 | Y48: 45001.746 | AB48: =VLOOKUP(D48,원가정보3!E45:I776,5,0) -> 475.2 | AC48: =AB48*O48 -> 31838.4
A49: 52 | C49: 1 | D49: HX058010H1400 | E49: 310 | F49: 0 | G49: CABLE | H49: HX058010H14 | I49: BUY | J49: 3 | K49: 259B28 | L49: 외작(ROH) | O49: =ROUNDUP(10+'사양 입력'!$C$14/1000,0) -> 61 | Q49: CP TO PIT ASSY(EN-20/50) -1 CORE 48 | T49: EVV 0.75SQ x 16C | U49: KS IEC 60227 | W49: M | X49: 조명석 | Y49: 45001.746 | AB49: =VLOOKUP(D49,원가정보3!E46:I777,5,0) -> 3688.3 | AC49: =AB49*O49 -> 224986.3
A50: 53 | C50: 1 | D50: HX058009H0100 | E50: 320 | F50: 0 | G50: CABLE | H50: HX058009H01 | I50: BUY | J50: 3 | K50: 259B60 | L50: 외작(ROH) | O50: =ROUNDUP(3.5*'사양 입력'!$C$7,0) -> 53 | Q50: WAY TO HIP & HPI - 11 CORE 39 | T50: EVV 0.5SQ x 5C | U50: . | W50: M | X50: 조명석 | Y50: 45001.746 | AB50: =VLOOKUP(D50,원가정보3!E47:I778,5,0) -> 1019.7 | AC50: =AB50*O50 -> 54044.1
A51: 54 | C51: 1 | D51: HX058011H0100 | E51: 330 | F51: 0 | G51: CABLE | H51: HX058011H01 | I51: BUY | J51: 3 | K51: 259B63 | L51: 외작(ROH) | O51: =ROUNDUP(2+8+8+0.5*'사양 입력'!$C$7,0) -> 26 | Q51: CP TO GOV. SW - 1 CORE 8 WAY TO INTERLOCK HARNESS(FOR PIT) - 1 CORE 2 WAY TO INTERLOCK - 11 CORE 4 CP TO TM SW - 1 CORE 8 | T51: VCTF 0.75SQ x 3C | U51: KS IEC 60227 | W51: M | X51: 조명석 | Y51: 45001.746 | AB51: =VLOOKUP(D51,원가정보3!E48:I779,5,0) -> 774.4 | AC51: =AB51*O51 -> 20134.4
A52: 55 | C52: 1 | D52: =IF('사양 입력'!$K$13="UTP 내장형","HX00058CH1100",IF('사양 입력'!$K$13="A/C 동력선 내장형","HX00058CH1300","HX00058CH0900")) -> HX00058CH0900 | E52: 340 | F52: 0 | G52: CABLE | H52: HX00058CH09 | I52: BUY | J52: 3 | K52: 259C01 | L52: 외작(ROH) | O52: =ROUNDUP(12+('사양 입력'!$C$11+'사양 입력'!$C$12+'사양 입력'!$C$13*2)/1000,0) -> 64 | Q52: CP TO OPB - 1 CORE 52 | T52: EVVF 0.75SQ x 36C, L TYPE | U52: KS B 6948 | W52: M | X52: 조명석 | Y52: 45001.746 | AB52: =VLOOKUP(D52,원가정보3!E49:I780,5,0) -> 8928.7 | AC52: =AB52*O52 -> 571436.8
C53: 1 | D53: =IF('사양 입력'!$K$15="별도형","HX00058CH1200","") | E53: 840 | F53: 2 | G53: CABLE(AIRCON CABLE) | I53: BUY | J53: 3 | K53: 259C01 | L53: 외작(roh) | O53: =ROUNDUP(12+('사양 입력'!$C$11+'사양 입력'!$C$12+'사양 입력'!$C$13*2)/1000,0) -> 64 | Q53: CP TO C.T.BOX - 1 CORE 30 | T53: EVVF 0.75SQ x 12C, H TYPE | U53: KS B 6948 | W53: M | AB53: =IFERROR(VLOOKUP(D53,원가정보3!$E$5:$I$1048576,5,0),0) -> 0 | AC53: =AB53*O53 -> 0
C54: 1 | D54: =IF(OR('사양 입력'!K14="RG59",'사양 입력'!K14="RG59+CLIP"),"HX058019H0100",IF(OR('사양 입력'!K14="UTP",'사양 입력'!K14="UTP+CLIP"),"R62100000210A","")) | E54: 340 | F54: 0 | G54: CABLE(RG59 OR UTP) | H54: HX058019H01 | I54: BUY | J54: 3 | K54: 259C02 | L54: 외작(roh) | O54: =IF(OR('사양 입력'!K14="RG59",'사양 입력'!K14="RG59+CLIP",'사양 입력'!K14="UTP+CLIP",'사양 입력'!K14="RG59",'사양 입력'!K14="UTP"),ROUNDUP(('사양 입력'!$C$14+3000)/1000,0),"0") -> 0 | Q54: CAR TO PIT (CCTV) - 1 CORE 43 | T54: CCTV CABLE | X54: 김승훈 | AB54: =IFERROR(VLOOKUP(D54,원가정보3!$E$5:$I$1048576,5,0),0) -> 0 | AC54: =AB54*O54 -> 0 | AD54: 추가 20231101
C55: 1 | D55: HX058031H0200 | E55: 650 | F55: 0 | G55: CABLE CLIP | H55: HX058031H02 | I55: BUY | J55: 3 | K55: 294A02 | L55: 외작(roh) | O55: =IF('사양 입력'!K14="RG59+CLIP",ROUNDUP((('사양 입력'!$C$13*2+'사양 입력'!$C$12/2)/1000)/0.45,0),IF('사양 입력'!K14="UTP+CLIP",ROUNDUP((('사양 입력'!$C$13*2+'사양 입력'!$C$12/2)/1000)/0.45,0),"0")) -> 0 | T55: CCTV CABLE CLIP | X55: 김승훈 | AB55: =IFERROR(VLOOKUP(D55,원가정보3!$E$5:$I$1048576,5,0),0) -> 541.2 | AC55: =AB55*O55 -> 0 | AD55: 추가 20231101
C56: 1 | D56: 259C0204G0300 | G56: CABLE | H56: 259C0204G03 | I56: BUY | O56: ='사양 입력'!K10 -> 0 | Q56: IND TO HLT | T56: CAN, W/O CHIME | W56: EA | X56: 조명석 | AB56: =VLOOKUP(D56,원가정보3!E52:I783,5,0) -> 24491 | AC56: =AB56*O56 -> 0
A57: 57 | C57: 1 | D57: 26000120G0200 | E57: 360 | F57: 0 | G57: PIT SWITCH | H57: 26000120G02 | I57: BUY | J57: 1 | K57: 260A05 | L57: 외작(ROH) | O57: 1 | T57: PIT SWITCH ASSY (EN 81-20/50) | U57: WITHOUT PRST CABLE | W57: EA | X57: 조명석 | Y57: 45001.746 | AB57: =VLOOKUP(D57,원가정보3!E53:I784,5,0) -> 75522 | AC57: =AB57*O57 -> 75522
A58: 58 | C58: 1 | D58: 28610018G0100 | E58: 370 | F58: 0 | G58: SWITCH BRACKET | H58: 28610018G01 | I58: BUY | J58: 1 | K58: 260A06 | L58: 외작(ROH) | O58: 2 | T58: BRACKET FOR PREVENTING INS S/W FROM ROTATING | U58: FOR KS190328 | W58: EA | X58: 조명석 | Y58: 45001.746 | AB58: =VLOOKUP(D58,원가정보3!E54:I785,5,0) -> 669.9 | AC58: =AB58*O58 -> 1339.8
A59: 59 | C59: 1 | D59: 26000099G0100 | E59: 380 | F59: 0 | G59: EMER STOP SWITCH | H59: 26000099G01 | I59: BUY | J59: 1 | K59: 260A07 | L59: 외작(ROH) | O59: 1 | T59: PIT E-STOP SWITCH (EN 81-20/50) | U59: FOR HIGH PIT | W59: EA | X59: 조명석 | Y59: 45001.746 | AB59: =VLOOKUP(D59,원가정보3!E55:I786,5,0) -> 20097 | AC59: =AB59*O59 -> 20097
A60: 286 | C60: 1 | D60: 26000074G0500 | E60: 1790 | F60: 0 | G60: LAMP | H60: 26000074G01 | I60: BUY | J60: 2 | K60: 260B04 | L60: 외작(ROH) | O60: 1 | T60: LED TYPE, FOR EMERGENCY, CABLE 3M | U60: 80 X 15 PCB 1EA, DC12~14V, 185mA | W60: EA | X60: 조명석 | AB60: =VLOOKUP(D60,원가정보3!E56:I787,5,0) -> 6922.3 | AC60: =AB60*O60 -> 6922.3
A61: 60 | C61: 1 | D61: 26000112G0100 | E61: 390 | F61: 0 | G61: EMER. LAMP | H61: 26000112G01 | I61: BUY | J61: 2 | K61: 260B04 | L61: 외작(ROH) | O61: 1 | T61: LED TYPE, FOR EMERGENCY, CABLE 4M | U61: DC12~14V, 270mA | W61: EA | X61: 조명석 | Y61: 45001.746 | AB61: =VLOOKUP(D61,원가정보3!E57:I788,5,0) -> 6140.2 | AC61: =AB61*O61 -> 6140.2
A62: 61 | C62: 1 | D62: 26000109G1000 | E62: 400 | F62: 0 | G62: HOISTWAY LAMP | H62: 26000109G10 | I62: BUY | J62: 1 | K62: 260C01 | L62: 외작(ROH) | O62: 1 | T62: 15W LED | U62: FOR OVERHEAD | W62: EA | X62: 조명석 | Y62: 45001.746 | AB62: =VLOOKUP(D62,원가정보3!E58:I789,5,0) -> 12002.1 | AC62: =AB62*O62 -> 12002.1
A63: 62 | C63: 1 | D63: 26000109G0300 | E63: 410 | F63: 0 | G63: LAMP | H63: 26000109G03 | I63: BUY | J63: 1 | K63: 260C02 | L63: 외작(ROH) | O63: 1 | T63: 15W LED | U63: FOR CAR TOP, CABLE=4000MM | W63: EA | X63: 조명석 | Y63: 45001.746 | AB63: =VLOOKUP(D63,원가정보3!E59:I790,5,0) -> 11499.4 | AC63: =AB63*O63 -> 11499.4
A64: 63 | C64: 1 | D64: 26000109G0800 | E64: 420 | F64: 0 | G64: HOISTWAY LAMP | H64: 26000109G08 | I64: BUY | J64: 1 | K64: 260C03 | L64: 외작(ROH) | O64: 2 | T64: 15W LED | U64: FOR PIT | W64: EA | X64: 조명석 | Y64: 45001.746 | AB64: =VLOOKUP(D64,원가정보3!E60:I791,5,0) -> 12225.4 | AC64: =AB64*O64 -> 24450.8
A65: 64 | C65: 1 | D65: 26000109G0900 | E65: 430 | F65: 0 | G65: HOISTWAY LAMP | H65: 26000109G09 | I65: BUY | J65: 1 | K65: 260C04 | L65: 외작(ROH) | O65: =ROUNDUP('사양 입력'!$C$14/5000,0) -> 11 | T65: 15W LED | U65: FOR HOISTWAY | W65: EA | X65: 조명석 | Y65: 45001.746 | AB65: =VLOOKUP(D65,원가정보3!E61:I792,5,0) -> 12225.4 | AC65: =AB65*O65 -> 134479.4
A66: 65 | C66: 1 | D66: 26000111G0100 | E66: 440 | F66: 0 | G66: LAMP SWITCH | H66: 26000111G01 | I66: BUY | J66: 1 | K66: 260C05 | L66: 외작(ROH) | O66: 1 | T66: HOISTWAY LAMP SWITCH | U66: . | W66: EA | X66: 조명석 | Y66: 45001.746 | AB66: =VLOOKUP(D66,원가정보3!E62:I793,5,0) -> 22330 | AC66: =AB66*O66 -> 22330
A67: 313 | C67: 1 | D67: =IF('사양 입력'!$G$9="NO","28610048G0200","28610053G0200") -> 28610048G0200 | E67: 2070 | F67: 0 | G67: CAR TOP BOX ASSY | H67: =LEFT(D67,11) -> 28610048G02 | I67: BUY | J67: 1 | K67: 286A | L67: 외작(ROH) | O67: 1 | T67: EN81-20,DOMESTIC | U67: GEL,P2 DOOR, CABLE:5.6M | W67: EA | X67: 조명석 | Y67: 44964.611 | AB67: =VLOOKUP(D67,원가정보3!E63:I794,5,0) -> 358061 | AC67: =AB67*O67 -> 358061
D68: =IF('사양 입력'!$G$9="NO","28610048G0200","28610053G0200") -> 28610048G0200 | G68: LOAD CP_N ASSY | H68: 26400022G02 | O68: 0 | X68: 조명석 | AB68: =VLOOKUP(D68,원가정보3!E64:I795,5,0) -> 358061 | AC68: =AB68*O68 -> 0
D69: 25910179G0100 | G69: INTERLOCK CABLE | H69: =LEFT(D69,11) -> 25910179G01 | L69: 외작(ROH) | O69: ='사양 입력'!$C$7 -> 15 | X69: 조명석 | AB69: =VLOOKUP(D69,원가정보3!E65:I796,5,0) -> 6956.4 | AC69: =AB69*O69 -> 104346
D70: 25910180G0200 | G70: PIT ETC SWITCH CABLE | H70: =LEFT(D70,11) -> 25910180G02 | L70: 외작(ROH) | O70: 1 | X70: 조명석 | AB70: =VLOOKUP(D70,원가정보3!E66:I797,5,0) -> 41310.5 | AC70: =AB70*O70 -> 41310.5
A71: 37 | C71: 1 | D71: 20410214G0400 | E71: 440 | F71: 0 | G71: TM E-STOP S/W OPT ASSY | H71: 20410214G04 | I71: BUY | J71: 1 | K71: 204B25 | L71: 외작(ROH) | N71: 1 | O71: 1 | T71: WBLX_PWM | U71: L=10000mm | W71: EA | X71: 조명석 | Y71: 45002.581 | Z71: 45002.581 | AB71: =VLOOKUP(D71,원가정보3!E67:I798,5,0) -> 21274 | AC71: =AB71*O71 -> 21274
A72: 38 | C72: 1 | D72: 285B0001G0500 | E72: 450 | F72: 1 | G72: OVERLOAD SWITCH | H72: 285B0001G18 | I72: BUY | J72: M | K72: 120B05 | L72: 외작(ROH) | N72: 1 | O72: 1 | T72: GSP | U72: GSB240DK, GSB320DK | W72: EA | X72: 조명석 | Y72: 45002.581 | Z72: 45002.581 | AB72: =VLOOKUP(D72,원가정보3!E68:I799,5,0) -> 28805.7 | AC72: =AB72*O72 -> 28805.7 | AD72: 변경 20240125
D73: 28500012G0100 | G73: OVERLOAD SW BRACKET | O73: 1 | AB73: =VLOOKUP(D73,원가정보3!E69:I800,5,0) -> 27912.5 | AC73: =AB73*O73 -> 27912.5 | AD73: 추가 20231101
D74: 28500012G0200 | G74: LOAD SENSOR BRACKET | O74: 0 | AB74: =VLOOKUP(D74,원가정보3!E70:I801,5,0) -> 18980.5 | AC74: =AB74*O74 -> 0 | AD74: 삭제 20240125
D75: 25900124G0200 | G75: CAR CABLE | H75: 25900124G02 | L75: 외작(ROH) | O75: 1 | Q75: 25900124G0100 | X75: 조명석 | AB75: =VLOOKUP(D75,원가정보3!E71:I802,5,0) -> 21827.3 | AC75: =AB75*O75 -> 21827.3
D76: 26300281G2200 | G76: HIP 원형 DOT | H76: 26300281G22 | O76: =IF('사양 입력'!$J$5=G76,'사양 입력'!$K$5,0) -> 0 | X76: 조명석 | AB76: =VLOOKUP(D76,원가정보3!E72:I803,5,0) -> 27129 | AC76: =AB76*O76 -> 0
D77: 26310576G1100 | G77: HIP 사각형 DOT | H77: 26310576G11 | O77: =IF('사양 입력'!$J$5=G77,'사양 입력'!$K$5,0) -> 14 | X77: 조명석 | AB77: =VLOOKUP(D77,원가정보3!E73:I804,5,0) -> 27522 | AC77: =AB77*O77 -> 385308
D78: 26400111G1100 | G78: HIP LCD | H78: 26400111G11 | O78: =IF('사양 입력'!$J$5=G78,'사양 입력'!$K$5,0) -> 0 | X78: 조명석 | AB78: =VLOOKUP(D78,원가정보3!E74:I805,5,0) -> 113883 | AC78: =AB78*O78 -> 0
D79: 26200135G1100 | G79: HPI 원형 DOT | H79: 26200135G11 | O79: =IF('사양 입력'!$J$7=G79,'사양 입력'!$K$7,0) -> 0 | X79: 조명석 | AB79: =VLOOKUP(D79,원가정보3!E75:I806,5,0) -> 27216 | AC79: =AB79*O79 -> 0
D80: 26210119G1100 | G80: HPI 사각형 DOT | H80: 26210119G11 | O80: =IF('사양 입력'!$J$7=G80,'사양 입력'!$K$7,0) -> 1 | X80: 조명석 | AB80: =VLOOKUP(D80,원가정보3!E76:I807,5,0) -> 25435 | AC80: =AB80*O80 -> 25435
D81: 26400105G1200 | G81: HPI LCD | H81: 26400105G12 | O81: =IF('사양 입력'!$J$7=G81,'사양 입력'!$K$7,0) -> 0 | X81: 조명석 | AB81: =VLOOKUP(D81,원가정보3!E77:I808,5,0) -> 117232.5 | AC81: =AB81*O81 -> 0
D82: 26200135G1100 | G82: CPI 원형 DOT | H82: 26200135G11 | O82: =IF('사양 입력'!$J$8=G82,'사양 입력'!$K$8,0) -> 0 | X82: 조명석 | AB82: =VLOOKUP(D82,원가정보3!E78:I809,5,0) -> 27216 | AC82: =AB82*O82 -> 0
D83: 26210119G1100 | G83: CPI 사각형 DOT | H83: 26210119G11 | O83: =IF('사양 입력'!$J$8=G83,'사양 입력'!$K$8,0) -> 1 | X83: 조명석 | AB83: =VLOOKUP(D83,원가정보3!E79:I810,5,0) -> 25435 | AC83: =AB83*O83 -> 25435
D84: 26400105G1200 | G84: CPI LCD | H84: 26400105G12 | O84: =IF('사양 입력'!$J$8=G84,'사양 입력'!$K$8,0) -> 0 | X84: 조명석 | AB84: =VLOOKUP(D84,원가정보3!E80:I811,5,0) -> 117232.5 | AC84: =AB84*O84 -> 0
D85: 28010878G1100 | G85: COP 원형 DOT | H85: 28010878G11 | O85: =IF('사양 입력'!$J$4=G85,'사양 입력'!$K$4,0) -> 0 | X85: 조명석 | AB85: =VLOOKUP(D85,원가정보3!E81:I812,5,0) -> 68345 | AC85: =AB85*O85 -> 0
D86: 26310576G1300 | G86: COP 사각형 DOT | H86: 26310576G13 | O86: =IF('사양 입력'!$J$4=G86,'사양 입력'!$K$4,0) -> 1 | X86: 조명석 | AB86: =VLOOKUP(D86,원가정보3!E82:I813,5,0) -> 27522 | AC86: =AB86*O86 -> 27522
D87: 28010372G1100 | G87: COP LCD | H87: 28010372G11 | O87: =IF('사양 입력'!$J$4=G87,'사양 입력'!$K$4,0) -> 0 | X87: 조명석 | AB87: =VLOOKUP(D87,원가정보3!E83:I814,5,0) -> 94343.7 | AC87: =AB87*O87 -> 0
D88: 28010878G1200 | G88: 표준 COP BOARD | H88: 28010878G12 | O88: =IF(NOT('사양 입력'!$J$4="COP 원형 DOT"),1,0) -> 1 | X88: 조명석 | AB88: =VLOOKUP(D88,원가정보3!E84:I815,5,0) -> 54167 | AC88: =AB88*O88 -> 54167
D89: 28100053G1100 | G89: WCOP BOARD | H89: 28100053G11 | O89: ='사양 입력'!$K$9 -> 0 | X89: 조명석 | AB89: =VLOOKUP(D89,원가정보3!E85:I816,5,0) -> 17030 | AC89: =AB89*O89 -> 0
D90: 29100059G0100 | G90: CP PHONE DI-PBX EN81-A3 | H90: 29100059G01 | O90: =IF('사양 입력'!$K$11="Y",2,0) -> 0 | X90: 조명석 | AB90: =VLOOKUP(D90,원가정보3!E86:I817,5,0) -> 8932 | AC90: =AB90*O90 -> 0
D91: 29100059G0300 | G91: CP PHONE DI-PBX, PCB COATING EN81-A3 | H91: 29100059G03 | O91: =IF('사양 입력'!$K$11="Y",1,0) -> 0 | X91: 조명석 | AB91: =VLOOKUP(D91,원가정보3!E87:I818,5,0) -> 10048.5 | AC91: =AB91*O91 -> 0
D92: 29110021G0100 | G92: PC BOARD LP-OPB PHONE2 A'SSY | H92: 29110021G01 | O92: =IF('사양 입력'!$K$11="Y",1,0) -> 0 | X92: 조명석 | AB92: =VLOOKUP(D92,원가정보3!E88:I819,5,0) -> 80638.8 | AC92: =AB92*O92 -> 0
D93: 29110025G0100 | G93: PIT PHONE BOX PIT PHONE BOX | H93: 29110025G01 | O93: =IF('사양 입력'!$K$11="Y",1,0) -> 0 | X93: 조명석 | AB93: =VLOOKUP(D93,원가정보3!E89:I820,5,0) -> 4912.6 | AC93: =AB93*O93 -> 0
D94: 29110017G4100 | G94: HYBRID-PBX4 DI-PBX, WIRELESS 4CH | H94: 29110017G41 | O94: =IF('사양 입력'!$K$11="Y",1,0) -> 0 | X94: 조명석 | AB94: =VLOOKUP(D94,원가정보3!E90:I821,5,0) -> 208785.5 | AC94: =AB94*O94 -> 0
D95: 23000030G0100 | G95: JOB SITE TOOL WBST, WBLX(FLEXIBLE) FOR H | H95: 23000030G01 | O95: =IF('사양 입력'!$K$12="Y",9,0) -> 0 | X95: 조명석 | AB95: =VLOOKUP(D95,원가정보3!E91:I822,5,0) -> 141.9 | AC95: =AB95*O95 -> 0
D96: 23000030G0500 | G96: JOB SITE TOOL WBST, WBLX(FLEXIBLE) FOR M | H96: 23000030G05 | O96: =IF('사양 입력'!$K$12="Y",1,0) -> 0 | X96: 조명석 | AB96: =VLOOKUP(D96,원가정보3!E92:I823,5,0) -> 39209.5 | AC96: =AB96*O96 -> 0
D97: 23000052G0100 | G97: COVER PLATE GI/EGI t0.8X300X400 | H97: 23000052G01 | O97: =IF('사양 입력'!$K$12="Y",6,0) -> 0 | X97: 조명석 | AB97: =VLOOKUP(D97,원가정보3!E93:I824,5,0) -> 1171.5 | AC97: =AB97*O97 -> 0
D98: 23000091G0200 | G98: DUCT EGI/GI PLANE, 0.8T, W/O DUCT HOLE W | H98: 23000091G02 | O98: =IF('사양 입력'!$K$12="Y",9,0) -> 0 | X98: 조명석 | AB98: =VLOOKUP(D98,원가정보3!E94:I825,5,0) -> 7111.5 | AC98: =AB98*O98 -> 0
D99: 23000100G0100 | G99: ELBOW EGI/GI PLANE, 1.6T W=100 | H99: 23000100G01 | O99: =IF('사양 입력'!$K$12="Y",3,0) -> 0 | X99: 조명석 | AB99: =VLOOKUP(D99,원가정보3!E95:I826,5,0) -> 4524.3 | AC99: =AB99*O99 -> 0
D100: 23000102G0500 | G100: FLEXIBLE TUBE GW 16 LENGTH = 5 MR | H100: 23000102G05 | O100: =IF('사양 입력'!$K$12="Y",2,0) -> 0 | X100: 조명석 | AB100: =VLOOKUP(D100,원가정보3!E96:I827,5,0) -> 3036 | AC100: =AB100*O100 -> 0
D101: 23000104G0500 | G101: FLEXIBLE TUBE GW 28 LENGTH = 5 MR | H101: 23000104G05 | O101: =IF('사양 입력'!$K$12="Y",1,0) -> 0 | X101: 조명석 | AB101: =VLOOKUP(D101,원가정보3!E97:I828,5,0) -> 6827.7 | AC101: =AB101*O101 -> 0
D102: 13110148G0100 | G102: DOOR MOTOR M1,HIDC-INT4I 0.4kW,FRANGE TY | O102: =IF('사양 입력'!$K$16="Y",1,0) -> 0 | X102: 김승훈 | AB102: =VLOOKUP(D102,원가정보3!$E$5:$I$1048576,5,0) -> 131300.4 | AC102: =AB102*O102 -> 0
...

Sheet 원가정보3
A1: □ 원가정보
I2: 세븐엠 | J2: 기타 | M2: 단가차이율 | N2: =M731/H731 -> 0 | P2: *간접비는 출하 완료 후 정산하여 현장마다 다르게 적용
H3: 추가적용율 | I3: 1 | J3: 1.1 | P3: 견적시 예상이 어려우므로 H열,I열 추가적용율로 견적 반영
A4: NO | B4: 옵션 BD | C4: 구분2 | D4: 세븐엠제작 | E4: 자재번호 | F4: 자재명 | G4: 사양 | H4: 원가 | I4: 적용원가 | J4: 비고 | L4: 20260812 단가 | M4: 단가차이 | N4: 차이율
A5: 1 | B5: CP | C5: CP ASSY | D5: Y | E5: 20410986G0100 | F5: WBLX-SE_ELD,STD INV,GI+PAINT | G5: CP WBLX-SE_ELD,STD INV,GI+PAINT 7.5kW | H5: 1561130 | I5: =IF(D5="Y",H5*$I$3,H5*$J$3) -> 1561130 | L5: =VLOOKUP(E5,[3]단가!B$4:M$724,12,0) -> 1561130 | M5: =L5-H5 -> 0 | N5: =M5/H5 -> 0
A6: 2 | B6: CP | C6: CP ASSY | D6: Y | E6: 20410986G0200 | F6: WBLX-SE_ELD,STD INV,GI+PAINT | G6: CP WBLX-SE_ELD,STD INV,GI+PAINT 11kW | H6: 1709655 | I6: =IF(D6="Y",H6*$I$3,H6*$J$3) -> 1709655 | L6: =VLOOKUP(E6,[3]단가!B$4:M$724,12,0) -> 1709655 | M6: =L6-H6 -> 0 | N6: =M6/H6 -> 0
A7: 3 | B7: CP | C7: CP ASSY | D7: Y | E7: 20410986G0300 | F7: WBLX-SE_ELD,STD INV,GI+PAINT | G7: CP WBLX-SE_ELD,STD INV,GI+PAINT 15kW | H7: 1957823 | I7: =IF(D7="Y",H7*$I$3,H7*$J$3) -> 1957823 | L7: =VLOOKUP(E7,[3]단가!B$4:M$724,12,0) -> 1957823 | M7: =L7-H7 -> 0 | N7: =M7/H7 -> 0
A8: 4 | B8: CP | C8: CP ASSY | D8: Y | E8: 20410986G0400 | F8: WBLX-SE_ELD,STD INV,GI+PAINT | G8: CP WBLX-SE_ELD,STD INV,GI+PAINT 22kW | H8: 2308079 | I8: =IF(D8="Y",H8*$I$3,H8*$J$3) -> 2308079 | L8: =VLOOKUP(E8,[3]단가!B$4:M$724,12,0) -> 2308079 | M8: =L8-H8 -> 0 | N8: =M8/H8 -> 0
A9: 5 | B9: CP | C9: CP ASSY | D9: Y | E9: 20410988G0100 | F9: WBSS-SE,STD INV,SUS,LH | G9: CP WBSS-SE,STD INV,SUS,LH 7.5kW,HH=2100 | H9: 667870 | I9: =IF(D9="Y",H9*$I$3,H9*$J$3) -> 667870 | L9: =VLOOKUP(E9,[3]단가!B$4:M$724,12,0) -> 667870 | M9: =L9-H9 -> 0 | N9: =M9/H9 -> 0
A10: 6 | B10: CP | C10: CP ASSY | D10: Y | E10: 20410988G0200 | F10: WBSS-SE,STD INV,SUS,LH | G10: CP WBSS-SE,STD INV,SUS,LH 11kW,HH=2100 | H10: 680050 | I10: =IF(D10="Y",H10*$I$3,H10*$J$3) -> 680050 | L10: =VLOOKUP(E10,[3]단가!B$4:M$724,12,0) -> 680050 | M10: =L10-H10 -> 0 | N10: =M10/H10 -> 0
A11: 7 | B11: CP | C11: CP ASSY | D11: Y | E11: 20410988G0300 | F11: WBSS-SE,STD INV,SUS,LH | G11: CP WBSS-SE,STD INV,SUS,LH 15kW,HH=2100 | H11: 693245 | I11: =IF(D11="Y",H11*$I$3,H11*$J$3) -> 693245 | L11: =VLOOKUP(E11,[3]단가!B$4:M$724,12,0) -> 693245 | M11: =L11-H11 -> 0 | N11: =M11/H11 -> 0
A12: 8 | B12: CP | C12: CP ASSY | D12: Y | E12: 20410988G0400 | F12: WBSS-SE,STD INV,SUS,LH | G12: CP WBSS-SE,STD INV,SUS,LH 22kW,HH=2100 | H12: 1117515 | I12: =IF(D12="Y",H12*$I$3,H12*$J$3) -> 1117515 | L12: =VLOOKUP(E12,[3]단가!B$4:M$724,12,0) -> 1117515 | M12: =L12-H12 -> 0 | N12: =M12/H12 -> 0
A13: 9 | B13: CP | C13: CP ASSY | D13: Y | E13: 20410988G0600 | F13: WBSS-SE,STD INV,SUS,LH | G13: CP WBSS-SE,STD INV,SUS,LH 7.5kW,HH=2200 | H13: 667870 | I13: =IF(D13="Y",H13*$I$3,H13*$J$3) -> 667870 | L13: =VLOOKUP(E13,[3]단가!B$4:M$724,12,0) -> 667870 | M13: =L13-H13 -> 0 | N13: =M13/H13 -> 0
A14: 10 | B14: CP | C14: CP ASSY | D14: Y | E14: 20410988G0700 | F14: WBSS-SE,STD INV,SUS,LH | G14: CP WBSS-SE,STD INV,SUS,LH 11kW,HH=2200 | H14: 680050 | I14: =IF(D14="Y",H14*$I$3,H14*$J$3) -> 680050 | L14: =VLOOKUP(E14,[3]단가!B$4:M$724,12,0) -> 680050 | M14: =L14-H14 -> 0 | N14: =M14/H14 -> 0
A15: 11 | B15: CP | C15: CP ASSY | D15: Y | E15: 20410988G0800 | F15: WBSS-SE,STD INV,SUS,LH | G15: CP WBSS-SE,STD INV,SUS,LH 15kW,HH=2200 | H15: 693245 | I15: =IF(D15="Y",H15*$I$3,H15*$J$3) -> 693245 | L15: =VLOOKUP(E15,[3]단가!B$4:M$724,12,0) -> 693245 | M15: =L15-H15 -> 0 | N15: =M15/H15 -> 0
A16: 12 | B16: CP | C16: CP ASSY | D16: Y | E16: 20410988G0900 | F16: WBSS-SE,STD INV,SUS,LH | G16: CP WBSS-SE,STD INV,SUS,LH 22kW,HH=2200 | H16: 1117515 | I16: =IF(D16="Y",H16*$I$3,H16*$J$3) -> 1117515 | L16: =VLOOKUP(E16,[3]단가!B$4:M$724,12,0) -> 1117515 | M16: =L16-H16 -> 0 | N16: =M16/H16 -> 0
... A124: 120 | B124: CP | C124: CP ASSY | D124: Y | E124: 20411108G2400 | F124: WBSS-SE,PWM INV,SUS(DOOR),RH | G124: CP WBSS-SE,PWM INV,SUS(DOOR),RH 22kW,HH= | H124: 2031319 | I124: =IF(D124="Y",H124*$I$3,H124*$J$3) -> 2031319 | L124: =VLOOKUP(E124,[3]단가!B$4:M$724,12,0) -> 2031319 | M124: =L124-H124 -> 0 | N124: =M124/H124 -> 0
A125: 121 | B125: CP | C125: CP CABINET | D125: N | E125: 20411047G0100 | F125: WBSS-SE,STD INV,SUSHL_304,LH | G125: CP CABINET WBSS-SE,STD INV,SUSHL_304,LH | H125: 455735 | I125: =IF(D125="Y",H125*$I$3,H125*$J$3) -> 501308.5 | L125: 455735 | M125: =L125-H125 -> 0 | N125: =M125/H125 -> 0
A126: 122 | B126: CP | C126: CP CABINET | D126: N | E126: 20411047G0200 | F126: WBSS-SE,STD INV,SUSHL_304,LH | G126: CP CABINET WBSS-SE,STD INV,SUSHL_304,LH | H126: 466900 | I126: =IF(D126="Y",H126*$I$3,H126*$J$3) -> 513590 | L126: 466900 | M126: =L126-H126 -> 0 | N126: =M126/H126 -> 0
A127: 123 | B127: CP | C127: CP CABINET | D127: N | E127: 20411047G0300 | F127: WBSS-SE,STD INV,SUSHL_304,LH | G127: CP CABINET WBSS-SE,STD INV,SUSHL_304,LH | H127: 482125 | I127: =IF(D127="Y",H127*$I$3,H127*$J$3) -> 530337.5 | L127: 482125 | M127: =L127-H127 -> 0 | N127: =M127/H127 -> 0
A128: 124 | B128: CP | C128: CP CABINET | D128: N | E128: 20411047G0400 | F128: WBSS-SE,STD INV,SUSHL_304,RH | G128: CP CABINET WBSS-SE,STD INV,SUSHL_304,RH | H128: 455735 | I128: =IF(D128="Y",H128*$I$3,H128*$J$3) -> 501308.5 | L128: 455735 | M128: =L128-H128 -> 0 | N128: =M128/H128 -> 0
A129: 125 | B129: CP | C129: CP CABINET | D129: N | E129: 20411047G0500 | F129: WBSS-SE,STD INV,SUSHL_304,RH | G129: CP CABINET WBSS-SE,STD INV,SUSHL_304,RH | H129: 466900 | I129: =IF(D129="Y",H129*$I$3,H129*$J$3) -> 513590 | L129: 466900 | M129: =L129-H129 -> 0 | N129: =M129/H129 -> 0
A130: 126 | B130: CP | C130: CP CABINET | D130: N | E130: 20411047G0600 | F130: WBSS-SE,STD INV,SUSHL_304,RH | G130: CP CABINET WBSS-SE,STD INV,SUSHL_304,RH | H130: 482125 | I130: =IF(D130="Y",H130*$I$3,H130*$J$3) -> 530337.5 | L130: 482125 | M130: =L130-H130 -> 0 | N130: =M130/H130 -> 0
A131: 127 | B131: CP | C131: CP CABINET | D131: Y | E131: 20411047G0700 | F131: WBSS-SE,STD INV,HOISTWAY | G131: CP CABINET WBSS-SE,STD INV,HOISTWAY 7.5~ | H131: 228781 | I131: =IF(D131="Y",H131*$I$3,H131*$J$3) -> 228781 | L131: =VLOOKUP(E131,[3]단가!B$4:M$724,12,0) -> 228781 | M131: =L131-H131 -> 0 | N131: =M131/H131 -> 0
A132: 128 | B132: CP | C132: CP CABINET | D132: N | E132: 20411048G0100 | F132: WBSS-SE,STD INV,SUSHL_304,LH | G132: CP CABINET WBSS-SE,STD INV,SUSHL_304,LH | H132: 547085 | I132: =IF(D132="Y",H132*$I$3,H132*$J$3) -> 601793.5 | L132: 547085 | M132: =L132-H132 -> 0 | N132: =M132/H132 -> 0
A133: 129 | B133: CP | C133: CP CABINET | D133: N | E133: 20411048G0200 | F133: WBSS-SE,STD INV,SUSHL_304,LH | G133: CP CABINET WBSS-SE,STD INV,SUSHL_304,LH | H133: 558250 | I133: =IF(D133="Y",H133*$I$3,H133*$J$3) -> 614075 | L133: 558250 | M133: =L133-H133 -> 0 | N133: =M133/H133 -> 0
A134: 130 | B134: CP | C134: CP CABINET | D134: N | E134: 20411048G0300 | F134: WBSS-SE,STD INV,SUSHL_304,LH | G134: CP CABINET WBSS-SE,STD INV,SUSHL_304,LH | H134: 569415 | I134: =IF(D134="Y",H134*$I$3,H134*$J$3) -> 626356.5 | L134: 569415 | M134: =L134-H134 -> 0 | N134: =M134/H134 -> 0
A135: 131 | B135: CP | C135: CP CABINET | D135: N | E135: 20411048G0400 | F135: WBSS-SE,STD INV,SUSHL_304,RH | G135: CP CABINET WBSS-SE,STD INV,SUSHL_304,RH | H135: 547085 | I135: =IF(D135="Y",H135*$I$3,H135*$J$3) -> 601793.5 | L135: 547085 | M135: =L135-H135 -> 0 | N135: =M135/H135 -> 0
A136: 132 | B136: CP | C136: CP CABINET | D136: N | E136: 20411048G0500 | F136: WBSS-SE,STD INV,SUSHL_304,RH | G136: CP CABINET WBSS-SE,STD INV,SUSHL_304,RH | H136: 558250 | I136: =IF(D136="Y",H136*$I$3,H136*$J$3) -> 614075 | L136: 558250 | M136: =L136-H136 -> 0 | N136: =M136/H136 -> 0
A137: 133 | B137: CP | C137: CP CABINET | D137: N | E137: 20411048G0600 | F137: WBSS-SE,STD INV,SUSHL_304,RH | G137: CP CABINET WBSS-SE,STD INV,SUSHL_304,RH | H137: 569415 | I137: =IF(D137="Y",H137*$I$3,H137*$J$3) -> 626356.5 | L137: 569415 | M137: =L137-H137 -> 0 | N137: =M137/H137 -> 0
A138: 134 | B138: CP | C138: CP CABINET | D138: Y | E138: 20411048G0700 | F138: WBSS-SE,STD INV,HOISTWAY | G138: CP CABINET WBSS-SE,STD INV,HOISTWAY 22kW | H138: 416759 | I138: =IF(D138="Y",H138*$I$3,H138*$J$3) -> 416759 | L138: =VLOOKUP(E138,[3]단가!B$4:M$724,12,0) -> 416759 | M138: =L138-H138 -> 0 | N138: =M138/H138 -> 0
A139: 135 | B139: CP | C139: CP CABINET | D139: N | E139: 20411050G0100 | F139: WBSS-SE,PWM INV,SUSHL_304,LH | G139: CP CABINET WBSS-SE,PWM INV,SUSHL_304,LH | H139: 455735 | I139: =IF(D139="Y",H139*$I$3,H139*$J$3) -> 501308.5 | L139: 455735 | M139: =L139-H139 -> 0 | N139: =M139/H139 -> 0
A140: 136 | B140: CP | C140: CP CABINET | D140: N | E140: 20411050G0200 | F140: WBSS-SE,PWM INV,SUSHL_304,LH | G140: CP CABINET WBSS-SE,PWM INV,SUSHL_304,LH | H140: 466900 | I140: =IF(D140="Y",H140*$I$3,H140*$J$3) -> 513590 | L140: 466900 | M140: =L140-H140 -> 0 | N140: =M140/H140 -> 0
A141: 137 | B141: CP | C141: CP CABINET | D141: N | E141: 20411050G0300 | F141: WBSS-SE,PWM INV,SUSHL_304,LH | G141: CP CABINET WBSS-SE,PWM INV,SUSHL_304,LH | H141: 482125 | I141: =IF(D141="Y",H141*$I$3,H141*$J$3) -> 530337.5 | L141: 482125 | M141: =L141-H141 -> 0 | N141: =M141/H141 -> 0
A142: 138 | B142: CP | C142: CP CABINET | D142: N | E142: 20411050G0400 | F142: WBSS-SE,PWM INV,SUSHL_304,RH | G142: CP CABINET WBSS-SE,PWM INV,SUSHL_304,RH | H142: 455735 | I142: =IF(D142="Y",H142*$I$3,H142*$J$3) -> 501308.5 | L142: 455735 | M142: =L142-H142 -> 0 | N142: =M142/H142 -> 0
A143: 139 | B143: CP | C143: CP CABINET | D143: N | E143: 20411050G0500 | F143: WBSS-SE,PWM INV,SUSHL_304,RH | G143: CP CABINET WBSS-SE,PWM INV,SUSHL_304,RH | H143: 466900 | I143: =IF(D143="Y",H143*$I$3,H143*$J$3) -> 513590 | L143: 466900 | M143: =L143-H143 -> 0 | N143: =M143/H143 -> 0
A144: 140 | B144: CP | C144: CP CABINET | D144: N | E144: 20411050G0600 | F144: WBSS-SE,PWM INV,SUSHL_304,RH | G144: CP CABINET WBSS-SE,PWM INV,SUSHL_304,RH | H144: 482125 | I144: =IF(D144="Y",H144*$I$3,H144*$J$3) -> 530337.5 | L144: 482125 | M144: =L144-H144 -> 0 | N144: =M144/H144 -> 0
A145: 141 | B145: CP | C145: CP CABINET | D145: Y | E145: 20411050G0700 | F145: WBSS-SE,PWM INV,HOISTWAY | G145: CP CABINET WBSS-SE,PWM INV,HOISTWAY 7.5~ | H145: 228781 | I145: =IF(D145="Y",H145*$I$3,H145*$J$3) -> 228781 | L145: =VLOOKUP(E145,[3]단가!B$4:M$724,12,0) -> 228781 | M145: =L145-H145 -> 0 | N145: =M145/H145 -> 0
A146: 142 | B146: CP | C146: CP CABINET | D146: N | E146: 20411051G0100 | F146: WBSS-SE,PWM INV,SUSHL_304,LH | G146: CP CABINET WBSS-SE,PWM INV,SUSHL_304,LH | H146: 455735 | I146: =IF(D146="Y",H146*$I$3,H146*$J$3) -> 501308.5 | L146: 455735 | M146: =L146-H146 -> 0 | N146: =M146/H146 -> 0
A147: 143 | B147: CP | C147: CP CABINET | D147: N | E147: 20411051G0200 | F147: WBSS-SE,PWM INV,SUSHL_304,LH | G147: CP CABINET WBSS-SE,PWM INV,SUSHL_304,LH | H147: 466900 | I147: =IF(D147="Y",H147*$I$3,H147*$J$3) -> 513590 | L147: 466900 | M147: =L147-H147 -> 0 | N147: =M147/H147 -> 0
A148: 144 | B148: CP | C148: CP CABINET | D148: N | E148: 20411051G0300 | F148: WBSS-SE,PWM INV,SUSHL_304,LH | G148: CP CABINET WBSS-SE,PWM INV,SUSHL_304,LH | H148: 482125 | I148: =IF(D148="Y",H148*$I$3,H148*$J$3) -> 530337.5 | L148: 482125 | M148: =L148-H148 -> 0 | N148: =M148/H148 -> 0
A149: 145 | B149: CP | C149: CP CABINET | D149: N | E149: 20411051G0400 | F149: WBSS-SE,PWM INV,SUSHL_304,RH | G149: CP CABINET WBSS-SE,PWM INV,SUSHL_304,RH | H149: 455735 | I149: =IF(D149="Y",H149*$I$3,H149*$J$3) -> 501308.5 | L149: 455735 | M149: =L149-H149 -> 0 | N149: =M149/H149 -> 0
A150: 146 | B150: CP | C150: CP CABINET | D150: N | E150: 20411051G0500 | F150: WBSS-SE,PWM INV,SUSHL_304,RH | G150: CP CABINET WBSS-SE,PWM INV,SUSHL_304,RH | H150: 466900 | I150: =IF(D150="Y",H150*$I$3,H150*$J$3) -> 513590 | L150: 466900 | M150: =L150-H150 -> 0 | N150: =M150/H150 -> 0
A151: 147 | B151: CP | C151: CP CABINET | D151: N | E151: 20411051G0600 | F151: WBSS-SE,PWM INV,SUSHL_304,RH | G151: CP CABINET WBSS-SE,PWM INV,SUSHL_304,RH | H151: 482125 | I151: =IF(D151="Y",H151*$I$3,H151*$J$3) -> 530337.5 | L151: 482125 | M151: =L151-H151 -> 0 | N151: =M151/H151 -> 0
A152: 148 | B152: CP | C152: CP CABINET | D152: Y | E152: 20411051G0700 | F152: WBSS-SE,PWM INV,HOISTWAY | G152: CP CABINET WBSS-SE,PWM INV,HOISTWAY 22kW | H152: 416759 | I152: =IF(D152="Y",H152*$I$3,H152*$J$3) -> 416759 | L152: =VLOOKUP(E152,[3]단가!B$4:M$724,12,0) -> 416759 | M152: =L152-H152 -> 0 | N152: =M152/H152 -> 0
A153: 149 | B153: CP | C153: CP CABINET | D153: N | E153: 20411113G0100 | F153: 7.5KW | G153: WBSS-SE,STD INV,SUSHL_304(DOOR),LH | H153: 268975 | I153: =IF(D153="Y",H153*$I$3,H153*$J$3) -> 295872.5 | L153: 268975 | M153: =L153-H153 -> 0 | N153: =M153/H153 -> 0
A154: 150 | B154: CP | C154: CP CABINET | D154: N | E154: 20411113G0200 | F154: 11KW | G154: WBSS-SE,STD INV,SUSHL_304(DOOR),LH | H154: 295872.5 | I154: =IF(D154="Y",H154*$I$3,H154*$J$3) -> 325459.75 | L154: 295872.5 | M154: =L154-H154 -> 0 | N154: =M154/H154 -> 0
A155: 151 | B155: CP | C155: CP CABINET | D155: N | E155: 20411113G0300 | F155: 15KW | G155: WBSS-SE,STD INV,SUSHL_304(DOOR),LH | H155: 325459.75 | I155: =IF(D155="Y",H155*$I$3,H155*$J$3) -> 358005.72 | L155: 325459.75 | M155: =L155-H155 -> 0 | N155: =M155/H155 -> 0
A156: 152 | B156: CP | C156: CP CABINET | D156: N | E156: 20411113G0400 | F156: 22KW | G156: WBSS-SE,STD INV,SUSHL_304(DOOR),RH | H156: 268975 | I156: =IF(D156="Y",H156*$I$3,H156*$J$3) -> 295872.5 | L156: 268975 | M156: =L156-H156 -> 0 | N156: =M156/H156 -> 0
A157: 153 | B157: CP | C157: CP CABINET | D157: N | E157: 20411113G0500 | F157: 7.5KW | G157: WBSS-SE,STD INV,SUSHL_304(DOOR),RH | H157: 295872.5 | I157: =IF(D157="Y",H157*$I$3,H157*$J$3) -> 325459.75 | L157: 295872.5 | M157: =L157-H157 -> 0 | N157: =M157/H157 -> 0
A158: 154 | B158: CP | C158: CP CABINET | D158: N | E158: 20411113G0600 | F158: 11KW | G158: WBSS-SE,STD INV,SUSHL_304(DOOR),RH | H158: 325459.75 | I158: =IF(D158="Y",H158*$I$3,H158*$J$3) -> 358005.72 | L158: 325459.75 | M158: =L158-H158 -> 0 | N158: =M158/H158 -> 0
A159: 155 | B159: CP | C159: CP CABINET | D159: N | E159: 20411114G0100 | F159: 15KW | G159: WBSS-SE,STD INV,SUSHL_304(DOOR),LH | H159: 332920 | I159: =IF(D159="Y",H159*$I$3,H159*$J$3) -> 366212 | L159: 332920 | M159: =L159-H159 -> 0 | N159: =M159/H159 -> 0
A160: 156 | B160: CP | C160: CP CABINET | D160: N | E160: 20411114G0200 | F160: 22KW | G160: WBSS-SE,STD INV,SUSHL_304(DOOR),LH | H160: 355047 | I160: =IF(D160="Y",H160*$I$3,H160*$J$3) -> 390551.7 | L160: 355047 | M160: =L160-H160 -> 0 | N160: =M160/H160 -> 0
A161: 157 | B161: CP | C161: CP CABINET | D161: N | E161: 20411114G0300 | F161: 7.5KW | G161: WBSS-SE,STD INV,SUSHL_304(DOOR),LH | H161: 390551.7 | I161: =IF(D161="Y",H161*$I$3,H161*$J$3) -> 429606.87 | L161: 390551.7 | M161: =L161-H161 -> 0 | N161: =M161/H161 -> 0
A162: 158 | B162: CP | C162: CP CABINET | D162: N | E162: 20411114G0400 | F162: 11KW | G162: WBSS-SE,STD INV,SUSHL_304(DOOR),RH | H162: 332920 | I162: =IF(D162="Y",H162*$I$3,H162*$J$3) -> 366212 | L162: 332920 | M162: =L162-H162 -> 0 | N162: =M162/H162 -> 0
A163: 159 | B163: CP | C163: CP CABINET | D163: N | E163: 20411114G0500 | F163: 15KW | G163: WBSS-SE,STD INV,SUSHL_304(DOOR),RH | H163: 355047 | I163: =IF(D163="Y",H163*$I$3,H163*$J$3) -> 390551.7 | L163: 355047 | M163: =L163-H163 -> 0 | N163: =M163/H163 -> 0
A164: 160 | B164: CP | C164: CP CABINET | D164: N | E164: 20411114G0600 | F164: 22KW | G164: WBSS-SE,STD INV,SUSHL_304(DOOR),RH | H164: 390551.7 | I164: =IF(D164="Y",H164*$I$3,H164*$J$3) -> 429606.87 | L164: 390551.7 | M164: =L164-H164 -> 0 | N164: =M164/H164 -> 0
... A176: 172 | B176: CP | C176: CP CABINET | D176: N | E176: 20411116G0600 | F176: 22KW | G176: WBSS-SE,PWM INV,SUSHL_304(DOOR),RH | H176: 390551.7 | I176: =IF(D176="Y",H176*$I$3,H176*$J$3) -> 429606.87 | L176: 390551.7 | M176: =L176-H176 -> 0 | N176: =M176/H176 -> 0
A177: 173 | B177: CP | C177: CP 내작비용 | D177: N | E177: 20410686G050A | F177: CP ASSY | H177: 135464 | I177: =IF(D177="Y",H177*$I$3,H177*$J$3) -> 149010.4 | L177: =VLOOKUP(E177,[3]단가!B$4:M$724,12,0) -> 135464 | M177: =L177-H177 -> 0 | N177: =M177/H177 -> 0
A178: 174 | B178: CP | C178: CP 내작비용 | D178: N | E178: 20410987G0100 | F178: 7.5kW | G178: 일반, 7.5KW, SINCOS, ALL SUS, 2100, LEFT HINGE | H178: 135464 | I178: =IF(D178="Y",H178*$I$3,H178*$J$3) -> 149010.4 | L178: =VLOOKUP(E178,[3]단가!B$4:M$724,12,0) -> 135464 | M178: =L178-H178 -> 0 | N178: =M178/H178 -> 0
A179: 175 | B179: CP | C179: CP 내작비용 | D179: N | E179: 20410987G0200 | F179: 11kW | G179: 일반, 11KW, SINCOS, ALL SUS, 2100, LEFT HINGE | H179: 135464 | I179: =IF(D179="Y",H179*$I$3,H179*$J$3) -> 149010.4 | L179: =VLOOKUP(E179,[3]단가!B$4:M$724,12,0) -> 135464 | M179: =L179-H179 -> 0 | N179: =M179/H179 -> 0
A180: 176 | B180: CP | C180: CP 내작비용 | D180: N | E180: 20410987G0300 | F180: 15kW | G180: 일반, 15KW, SINCOS, ALL SUS, 2100, LEFT HINGE | H180: 135464 | I180: =IF(D180="Y",H180*$I$3,H180*$J$3) -> 149010.4 | L180: =VLOOKUP(E180,[3]단가!B$4:M$724,12,0) -> 135464 | M180: =L180-H180 -> 0 | N180: =M180/H180 -> 0
A181: 177 | B181: CP | C181: CP 내작비용 | D181: N | E181: 20410987G0400 | F181: 22kW | G181: 일반, 22KW, SINCOS, ALL SUS, 2100, LEFT HINGE | H181: 135464 | I181: =IF(D181="Y",H181*$I$3,H181*$J$3) -> 149010.4 | L181: =VLOOKUP(E181,[3]단가!B$4:M$724,12,0) -> 135464 | M181: =L181-H181 -> 0 | N181: =M181/H181 -> 0
A182: 178 | B182: CP | C182: CP 내작비용 | D182: N | E182: 20410987G0600 | F182: 7.5kW | G182: 일반, 7.5KW, SINCOS, ALL SUS, 2200, LEFT HINGE | H182: 182445 | I182: =IF(D182="Y",H182*$I$3,H182*$J$3) -> 200689.5 | L182: 182445 | M182: =L182-H182 -> 0 | N182: =M182/H182 -> 0
A183: 179 | B183: CP | C183: CP 내작비용 | D183: N | E183: 20410987G0700 | F183: 11kW | G183: 일반, 11KW, SINCOS, ALL SUS, 2200, LEFT HINGE | H183: 182445 | I183: =IF(D183="Y",H183*$I$3,H183*$J$3) -> 200689.5 | L183: 182445 | M183: =L183-H183 -> 0 | N183: =M183/H183 -> 0
A184: 180 | B184: CP | C184: CP 내작비용 | D184: N | E184: 20410987G0800 | F184: 15kW | G184: 일반, 15KW, SINCOS, ALL SUS, 2200, LEFT HINGE | H184: 182445 | I184: =IF(D184="Y",H184*$I$3,H184*$J$3) -> 200689.5 | L184: 182445 | M184: =L184-H184 -> 0 | N184: =M184/H184 -> 0
A185: 181 | B185: CP | C185: CP 내작비용 | D185: N | E185: 20410987G0900 | F185: 22kW | G185: 일반, 22KW, SINCOS, ALL SUS, 2200, LEFT HINGE | H185: 182445 | I185: =IF(D185="Y",H185*$I$3,H185*$J$3) -> 200689.5 | L185: 182445 | M185: =L185-H185 -> 0 | N185: =M185/H185 -> 0
A186: 182 | B186: CP | C186: CP 내작비용 | D186: N | E186: 20410987G1100 | F186: 7.5kW | G186: 일반, 7.5KW, SINCOS, ALL SUS, 2400, LEFT HINGE | H186: 135464 | I186: =IF(D186="Y",H186*$I$3,H186*$J$3) -> 149010.4 | L186: 135464 | M186: =L186-H186 -> 0 | N186: =M186/H186 -> 0
A187: 183 | B187: CP | C187: CP 내작비용 | D187: N | E187: 20410987G1200 | F187: 11kW | G187: 일반, 11KW, SINCOS, ALL SUS, 2400, LEFT HINGE | H187: 135464 | I187: =IF(D187="Y",H187*$I$3,H187*$J$3) -> 149010.4 | L187: 135464 | M187: =L187-H187 -> 0 | N187: =M187/H187 -> 0
A188: 184 | B188: CP | C188: CP 내작비용 | D188: N | E188: 20410987G1300 | F188: 15kW | G188: 일반, 15KW, SINCOS, ALL SUS, 2400, LEFT HINGE | H188: 135464 | I188: =IF(D188="Y",H188*$I$3,H188*$J$3) -> 149010.4 | L188: 135464 | M188: =L188-H188 -> 0 | N188: =M188/H188 -> 0
A189: 185 | B189: CP | C189: CP 내작비용 | D189: N | E189: 20410987G1400 | F189: 22kW | G189: 일반, 22KW, SINCOS, ALL SUS, 2400, LEFT HINGE | H189: 135464 | I189: =IF(D189="Y",H189*$I$3,H189*$J$3) -> 149010.4 | L189: 135464 | M189: =L189-H189 -> 0 | N189: =M189/H189 -> 0
A190: 186 | B190: CP | C190: CP 내작비용 | D190: N | E190: 20410987G1600 | F190: 7.5kW | G190: 일반, 7.5KW, SINCOS, ALL SUS, 2100, RIGHT HINGE | H190: 135464 | I190: =IF(D190="Y",H190*$I$3,H190*$J$3) -> 149010.4 | L190: 135464 | M190: =L190-H190 -> 0 | N190: =M190/H190 -> 0
A191: 187 | B191: CP | C191: CP 내작비용 | D191: N | E191: 20410987G1700 | F191: 11kW | G191: 일반, 11KW, SINCOS, ALL SUS, 2100, RIGHT HINGE | H191: 135464 | I191: =IF(D191="Y",H191*$I$3,H191*$J$3) -> 149010.4 | L191: 135464 | M191: =L191-H191 -> 0 | N191: =M191/H191 -> 0
A192: 188 | B192: CP | C192: CP 내작비용 | D192: N | E192: 20410987G1800 | F192: 15kW | G192: 일반, 15KW, SINCOS, ALL SUS, 2100, RIGHT HINGE | H192: 135464 | I192: =IF(D192="Y",H192*$I$3,H192*$J$3) -> 149010.4 | L192: 135464 | M192: =L192-H192 -> 0 | N192: =M192/H192 -> 0
A193: 189 | B193: CP | C193: CP 내작비용 | D193: N | E193: 20410987G1900 | F193: 22kW | G193: 일반, 22KW, SINCOS, ALL SUS, 2100, RIGHT HINGE | H193: 135464 | I193: =IF(D193="Y",H193*$I$3,H193*$J$3) -> 149010.4 | L193: 135464 | M193: =L193-H193 -> 0 | N193: =M193/H193 -> 0
... A225: 221 | B225: CP | C225: CP 내작비용 | D225: N | E225: 20410991G4400 | F225: 22kW | G225: ALL SUS-HL 내작비용 | H225: 182445 | I225: =IF(D225="Y",H225*$I$3,H225*$J$3) -> 200689.5 | L225: 182445 | M225: =L225-H225 -> 0 | N225: =M225/H225 -> 0
A226: 222 | B226: CP | C226: CP 내작비용 | D226: N | E226: 20411101G0100 | F226: 7.5kW | G226: GI 내작비용 | H226: 152167 | I226: =IF(D226="Y",H226*$I$3,H226*$J$3) -> 167383.7 | L226: =VLOOKUP(E226,[3]단가!B$4:M$724,12,0) -> 152167 | M226: =L226-H226 -> 0 | N226: =M226/H226 -> 0
A227: 223 | B227: CP | C227: CP 내작비용 | D227: N | E227: 20411101G0200 | F227: 11kW | G227: GI 내작비용 | H227: 152167 | I227: =IF(D227="Y",H227*$I$3,H227*$J$3) -> 167383.7 | L227: =VLOOKUP(E227,[3]단가!B$4:M$724,12,0) -> 152167 | M227: =L227-H227 -> 0 | N227: =M227/H227 -> 0
A228: 224 | B228: CP | C228: CP 내작비용 | D228: N | E228: 20411101G0300 | F228: 15kW | G228: GI 내작비용 | H228: 152167 | I228: =IF(D228="Y",H228*$I$3,H228*$J$3) -> 167383.7 | L228: =VLOOKUP(E228,[3]단가!B$4:M$724,12,0) -> 152167 | M228: =L228-H228 -> 0 | N228: =M228/H228 -> 0
A229: 225 | B229: CP | C229: CP 내작비용 | D229: N | E229: 20411101G0400 | F229: 22kW | G229: GI 내작비용 | H229: 152167 | I229: =IF(D229="Y",H229*$I$3,H229*$J$3) -> 167383.7 | L229: 152167 | M229: =L229-H229 -> 0 | N229: =M229/H229 -> 0
A230: 226 | B230: CP | C230: CP 내작비용 | D230: N | E230: 20411101G0600 | F230: 7.5kW | G230: GI 내작비용 | H230: 152167 | I230: =IF(D230="Y",H230*$I$3,H230*$J$3) -> 167383.7 | L230: 152167 | M230: =L230-H230 -> 0 | N230: =M230/H230 -> 0
A231: 227 | B231: CP | C231: CP 내작비용 | D231: N | E231: 20411101G0700 | F231: 11kW | G231: GI 내작비용 | H231: 152167 | I231: =IF(D231="Y",H231*$I$3,H231*$J$3) -> 167383.7 | L231: 152167 | M231: =L231-H231 -> 0 | N231: =M231/H231 -> 0
A232: 228 | B232: CP | C232: CP 내작비용 | D232: N | E232: 20411101G0800 | F232: 15kW | G232: GI 내작비용 | H232: 152167 | I232: =IF(D232="Y",H232*$I$3,H232*$J$3) -> 167383.7 | L232: 152167 | M232: =L232-H232 -> 0 | N232: =M232/H232 -> 0
A233: 229 | B233: CP | C233: CP 내작비용 | D233: N | E233: 20411101G0900 | F233: 22kW | G233: GI 내작비용 | H233: 152167 | I233: =IF(D233="Y",H233*$I$3,H233*$J$3) -> 167383.7 | L233: 152167 | M233: =L233-H233 -> 0 | N233: =M233/H233 -> 0
A234: 230 | B234: CP | C234: CP 내작비용 | D234: N | E234: 20411103G0100 | F234: 7.5kW | G234: GI 내작비용 | H234: 152167 | I234: =IF(D234="Y",H234*$I$3,H234*$J$3) -> 167383.7 | L234: 152167 | M234: =L234-H234 -> 0 | N234: =M234/H234 -> 0
A235: 231 | B235: CP | C235: CP 내작비용 | D235: N | E235: 20411103G0200 | F235: 11kW | G235: GI 내작비용 | H235: 152167 | I235: =IF(D235="Y",H235*$I$3,H235*$J$3) -> 167383.7 | L235: 152167 | M235: =L235-H235 -> 0 | N235: =M235/H235 -> 0
A236: 232 | B236: CP | C236: CP 내작비용 | D236: N | E236: 20411103G0300 | F236: 15kW | G236: GI 내작비용 | H236: 152167 | I236: =IF(D236="Y",H236*$I$3,H236*$J$3) -> 167383.7 | L236: 152167 | M236: =L236-H236 -> 0 | N236: =M236/H236 -> 0
A237: 233 | B237: CP | C237: CP 내작비용 | D237: N | E237: 20411103G0400 | F237: 22kW | G237: GI 내작비용 | H237: 152167 | I237: =IF(D237="Y",H237*$I$3,H237*$J$3) -> 167383.7 | L237: 152167 | M237: =L237-H237 -> 0 | N237: =M237/H237 -> 0
A238: 234 | B238: CP | C238: CP 내작비용 | D238: N | E238: 20411103G0600 | F238: 7.5kW | G238: GI 내작비용 | H238: 152167 | I238: =IF(D238="Y",H238*$I$3,H238*$J$3) -> 167383.7 | L238: 152167 | M238: =L238-H238 -> 0 | N238: =M238/H238 -> 0
A239: 235 | B239: CP | C239: CP 내작비용 | D239: N | E239: 20411103G0700 | F239: 11kW | G239: GI 내작비용 | H239: 152167 | I239: =IF(D239="Y",H239*$I$3,H239*$J$3) -> 167383.7 | L239: 152167 | M239: =L239-H239 -> 0 | N239: =M239/H239 -> 0
A240: 236 | B240: CP | C240: CP 내작비용 | D240: N | E240: 20411103G0800 | F240: 15kW | G240: GI 내작비용 | H240: 152167 | I240: =IF(D240="Y",H240*$I$3,H240*$J$3) -> 167383.7 | L240: 152167 | M240: =L240-H240 -> 0 | N240: =M240/H240 -> 0
... A289: 285 | B289: CP | C289: CP 내작비용 | D289: N | E289: 20411105G6400 | F289: 22KW | G289: 일반, 22KW, INCREMENTAL, DOOR SUS, 2400, RIGHT HINGE | H289: 182445 | I289: =IF(D289="Y",H289*$I$3,H289*$J$3) -> 200689.5 | L289: 182445 | M289: =L289-H289 -> 0 | N289: =M289/H289 -> 0
A290: 286 | B290: CP | C290: CP 내작비용 | D290: N | E290: 20411311G0100 | F290: 7.5KW | H290: 156344 | I290: =IF(D290="Y",H290*$I$3,H290*$J$3) -> 171978.4 | L290: =VLOOKUP(E290,[3]단가!B$4:M$724,12,0) -> 156344 | M290: =L290-H290 -> 0 | N290: =M290/H290 -> 0
A291: 287 | B291: CP | C291: CP 내작비용 | D291: N | E291: 20411311G0200 | F291: 11KW | H291: 156344 | I291: =IF(D291="Y",H291*$I$3,H291*$J$3) -> 171978.4 | L291: =VLOOKUP(E291,[3]단가!B$4:M$724,12,0) -> 156344 | M291: =L291-H291 -> 0 | N291: =M291/H291 -> 0
A292: 288 | B292: CP | C292: CP 내작비용 | D292: N | E292: 20411311G0300 | F292: 15KW | H292: 156344 | I292: =IF(D292="Y",H292*$I$3,H292*$J$3) -> 171978.4 | L292: =VLOOKUP(E292,[3]단가!B$4:M$724,12,0) -> 156344 | M292: =L292-H292 -> 0 | N292: =M292/H292 -> 0
A293: 289 | B293: CP | C293: CP 내작비용 | D293: N | E293: 20411311G0400 | F293: 22KW | H293: 156344 | I293: =IF(D293="Y",H293*$I$3,H293*$J$3) -> 171978.4 | L293: =VLOOKUP(E293,[3]단가!B$4:M$724,12,0) -> 156344 | M293: =L293-H293 -> 0 | N293: =M293/H293 -> 0
A294: 290 | B294: CP | C294: HHT | D294: Y | E294: 20401508G0100 | F294: HHT | H294: 28897 | I294: =IF(D294="Y",H294*$I$3,H294*$J$3) -> 28897 | L294: =VLOOKUP(E294,[3]단가!B$4:M$724,12,0) -> 28897 | M294: =L294-H294 -> 0 | N294: =M294/H294 -> 0
A295: 291 | B295: CP | C295: HHT | D295: Y | E295: 20411025G0100 | F295: WB100-SE | G295: HHT WB100-SE . | H295: 98455 | I295: =IF(D295="Y",H295*$I$3,H295*$J$3) -> 98455 | L295: =VLOOKUP(E295,[3]단가!B$4:M$724,12,0) -> 98455 | M295: =L295-H295 -> 0 | N295: =M295/H295 -> 0
A296: 292 | B296: CP | C296: INVERTER | D296: N | E296: 20302071G0100 | F296: INVERTER | H296: 1153747 | I296: =IF(D296="Y",H296*$I$3,H296*$J$3) -> 1269121.7 | L296: =VLOOKUP(E296,[3]단가!B$4:M$724,12,0) -> 1153747 | M296: =L296-H296 -> 0 | N296: =M296/H296 -> 0
A297: 293 | B297: CP | C297: INVERTER | D297: N | E297: 20302071P0100 | F297: INVERTER | H297: 48078 | I297: =IF(D297="Y",H297*$I$3,H297*$J$3) -> 52885.8 | L297: =VLOOKUP(E297,[3]단가!B$4:M$724,12,0) -> 48078 | M297: =L297-H297 -> 0 | N297: =M297/H297 -> 0
...

Sheet DROP DOWN 지정
B2: 층수 | D2: 속도 | F2: 용량 | H2: 인승 | J2: 재질 | L2: MRL | N2: INVERTER 타입 | P2: 출입구 높이 | R2: 관통형 | T2: 장애인용 | V2: GROUP 운전 | X2: MRL 도어 방향 | Z2: 운송지역 | AB2: 비상통화장치 당사 적용 | AD2: JOB SITE TOOL | AF2: T-CABLE 사양 | AH2: CCTV CABLE | AJ2: AIRCON CABLE | AL2: MRL
B3: 2 | D3: 60 | F3: 550 | H3: MR | J3: GI+PAINT | L3: ALL SUS-HL | N3: 일반형 | P3: 2100 | R3: YES | T3: YES | V3: NO | X3: LEFT HINGE | Z3: 서울 | AB3: Y | AD3: Y | AF3: 표준형 | AH3: RG59 | AJ3: N
B4: 3 | D4: 90 | F4: 600 | H4: MRL | J4: GI | L4: DOOR만 SUS-HL | N4: 회생형 | P4: 2200 | R4: NO | T4: NO | V4: 2 CAR | X4: RIGHT HINGE | Z4: 충청 | AB4: N | AD4: N | AF4: UTP 내장형 | AH4: UTP | AJ4: 별도형 | AL4: 속도 | AM4: OVERHEAD | AN4: PIT
B5: 4 | D5: 105 | F5: 700 | H5: GD | J5: ALL SUS-HL | P5: 2400 | V5: 3 CAR 별도 문의 | Z5: 경기 | AF5: A/C 동력선 내장형 | AH5: RG59+CLIP | AL5: 60 | AM5: 4200 | AN5: 1200
B6: 5 | D6: 120 | F6: 750 | J6: DOOR만 SUS-HL | Z6: 경상 | AH6: UTP+CLIP | AL6: 90 | AM6: 4400 | AN6: 1350
B7: 6 | D7: 150 | F7: 900 | J7: GD | Z7: 호남 | AH7: N | AL7: 105 | AM7: 4500 | AN7: 1350
B8: 7 | F8: 1000 | J8: GI+PAINT | L8: ROPE BRAKE | N8: ENCODER 타입 | Z8: 강원 | AC8: K1 : | AD8: =IF(AND('DROP DOWN 지정'!$C$8<=150,'DROP DOWN 지정'!$C$6<=50),1.25,1.1) -> 1.25 | AL8: 120 | AM8: 4550 | AN8: 2050
B9: 8 | F9: 1150 | J9: GI | L9: EL TECH | N9: SINCOS | Z9: 제주 | AC9: Ic : | AD9: =IF('DROP DOWN 지정'!$C$8<=120,1,4) -> 1 | AL9: 150 | AM9: 4800 | AN9: 2200
B10: 9 | F10: 1200 | L10: SAFE TECH | N10: INCREMENTAL | Z10: 착불(업체 배차 시)
B11: 10 | F11: 1350 | L11: MAJOR TECH | V11: HIP 선택 | X11: HPI 선택 | Z11: 차단기 용량 산정 | AB11: 소요전류 | AC11: Infb : | AD11: =$AD$8*('사양 입력'!$C$6*1+$AD$9*1) -> 21.25 | AF11: 차단기 용량 | AG11: =IF(AD11<=20,20,IF(AND(AD11>20,AD11<=30),30,IF(AND(AD11>30,AD11<=40),40,IF(AND(AD11>40,AD11<=50),50,IF(AND(AD11>50,AD11<=60),60,IF(AND(AD11>60,AD11<=75),75,FALSE)))))) -> 30
B12: 11 | F12: 1600 | L12: ROPE GRIPPER | V12: HIP 원형 DOT | X12: HPI 원형 DOT
B13: 12 | F13: 1800 | V13: HIP 사각형 DOT | X13: HPI 사각형 DOT
B14: 13 | F14: 2000 | V14: HIP LCD | X14: HPI LCD | AL14: MR
B15: 14 | F15: 2500
B16: 15 | N16: 도어 전원 | AL16: 속도 | AM16: OVERHEAD | AN16: PIT
B17: 16 | N17: AC 220V | AL17: 60 | AM17: 4350 | AN17: 1250
B18: 17 | N18: AC 110V | V18: COP 선택 | X18: CPI 선택 | AL18: 90 | AM18: 4500 | AN18: 1400
B19: 18 | V19: COP 원형 DOT | X19: CPI 원형 DOT | AL19: 105 | AM19: 4550 | AN19: 1450
B20: 19 | V20: COP 사각형 DOT | X20: CPI 사각형 DOT | AL20: 120 | AM20: 4900 | AN20: 1900
B21: 20 | V21: COP LCD | X21: CPI LCD | AL21: 150 | AM21: 5300 | AN21: 2200
B22: 21 | V22: COP 인디게이터 미적용
B23: 22 | H23: 모터 전류
B24: 23 | H24: =IF('사양 입력'!$C$9>340,('사양 입력'!$C$9/340)*'사양 입력'!$C$6,'사양 입력'!$C$6) -> 16
B25: 24 | AL25: GD
B26: 25
B27: 26 | V27: 승장 부품 전류치 | W27: mA | AL27: 속도 | AM27: OVERHEAD | AN27: PIT
B28: 27 | V28: HIP 원형 DOT | W28: 90 | X28: =IF('사양 입력'!$J$5='DROP DOWN 지정'!V28,'DROP DOWN 지정'!W28*'사양 입력'!$K$5,0) -> 0 | AL28: 60 | AM28: 4350 | AN28: 1250
B29: 28 | V29: HIP 사각형 DOT | W29: 110 | X29: =IF('사양 입력'!$J$5='DROP DOWN 지정'!V29,'DROP DOWN 지정'!W29*'사양 입력'!$K$5,0) -> 1540 | AL29: 90 | AM29: 4500 | AN29: 1400
B30: 29 | V30: HIP LCD | W30: 150 | X30: =IF('사양 입력'!$J$5='DROP DOWN 지정'!V30,'DROP DOWN 지정'!W30*'사양 입력'!$K$5,0) -> 0 | AL30: 105 | AM30: 4550 | AN30: 1450
B31: 30 | V31: HPI 원형 DOT | W31: 85 | X31: =IF('사양 입력'!$J$7='DROP DOWN 지정'!V31,'DROP DOWN 지정'!W31*'사양 입력'!$K$7,0) -> 0
V32: HPI 사각형 DOT | W32: 85 | X32: =IF('사양 입력'!$J$7='DROP DOWN 지정'!V32,'DROP DOWN 지정'!W32*'사양 입력'!$K$7,0) -> 85
V33: HPI LCD | W33: 220 | X33: =IF('사양 입력'!$J$7='DROP DOWN 지정'!V33,'DROP DOWN 지정'!W33*'사양 입력'!$K$7,0) -> 0
V34: H.LANTERN | W34: 220 | X34: =W34*'사양 입력'!K10 -> 0
V35: 합계 | X35: =SUM(X28:X34) -> 1625

Sheet CP ASSY
A1: CP ASSY
A2: 45000
A3: 2023-03-16(20302170G02 -> G03, 20302163G02 ->3 변경)
A4: 2023-03-21(MRL CABINET CP에서 분리, 인디케이터, EXT CABLE 추가)
A5: 2023-04-12(MR Type 일반형 ELD 추가)
A6: 2023-04-13(제어반 GI, 도장, DOOR SUS, ALL SUS 구분)
A9: CP ASSY(MR 도장타입, MRL ALL SUS 타입)
A10: 순번 | B10: 항목 | C10: 도명 | D10: CP ASSY 자재번호 | E10: MRL | F10: 구분1 | G10: 구분2 | H10: 구분3 | I10: 구분4 | J10: 구분5 | K10: 구분6 | L10: 비고
E11: CABINET 자재번호 | F11: 인버터 타입 | G11: 용량 | H11: 엔코더종류 | I11: CABINET | J11: HH | K11: 문열림방향 | V11: 자재번호(CP 내작) | W11: 사양 | X11: DRIVE UNIT ASSY | Y11: stack assy | Z11: PIM/IPM | AA11: CP ASSY(외주)
A12: =OFFSET(A12,-1,)+1 -> 1 | B12: WBLX-SE 일반형 (ELD일체형) | C12: CP ASSY | D12: 20410985G0100 | F12: 일반 | G12: 7.5KW | H12: SINCOS | I12: GI+PAINT | L12: =F12&", "&G12&", "&H12&", "&I12&", "&J12&", "&K12 -> 일반, 7.5KW, SINCOS, GI+PAINT, , | N12: MR | O12: =I12 -> GI+PAINT | P12: 일반형 | R12: =G12 -> 7.5KW | S12: =H12 -> SINCOS | U12: =N12&O12&P12&Q12&R12&S12&T12 -> MRGI+PAINT일반형7.5KWSINCOS | V12: =D12 -> 20410985G0100 | W12: =B12 -> WBLX-SE 일반형 (ELD일체형) | X12: 20302159G02 | Y12: 20302166G02 | Z12: HX045016H0300 | AA12: 20410986G01
A13: =OFFSET(A13,-1,)+1 -> 2 | B13: WBLX-SE 일반형 (ELD일체형) | C13: CP ASSY | D13: 20410985G0200 | F13: 일반 | G13: 11KW | H13: SINCOS | I13: GI+PAINT | L13: =F13&", "&G13&", "&H13&", "&I13&", "&J13&", "&K13 -> 일반, 11KW, SINCOS, GI+PAINT, , | N13: MR | O13: =I13 -> GI+PAINT | P13: 일반형 | R13: =G13 -> 11KW | S13: =H13 -> SINCOS | U13: =N13&O13&P13&Q13&R13&S13&T13 -> MRGI+PAINT일반형11KWSINCOS | V13: =D13 -> 20410985G0200 | W13: =B13 -> WBLX-SE 일반형 (ELD일체형) | X13: 20302160G01 | Y13: 20302167G01 | Z13: HX045016H0200 | AA13: 20410986G02
A14: =OFFSET(A14,-1,)+1 -> 3 | B14: WBLX-SE 일반형 (ELD일체형) | C14: CP ASSY | D14: 20410985G0300 | F14: 일반 | G14: 15KW | H14: SINCOS | I14: GI+PAINT | L14: =F14&", "&G14&", "&H14&", "&I14&", "&J14&", "&K14 -> 일반, 15KW, SINCOS, GI+PAINT, , | N14: MR | O14: =I14 -> GI+PAINT | P14: 일반형 | R14: =G14 -> 15KW | S14: =H14 -> SINCOS | U14: =N14&O14&P14&Q14&R14&S14&T14 -> MRGI+PAINT일반형15KWSINCOS | V14: =D14 -> 20410985G0300 | W14: =B14 -> WBLX-SE 일반형 (ELD일체형) | X14: 20302160G02 | Y14: 20302167G02 | Z14: HX045016H0100 | AA14: 20410986G03
A15: =OFFSET(A15,-1,)+1 -> 4 | B15: WBLX-SE 일반형 (ELD일체형) | C15: CP ASSY | D15: 20410985G0400 | F15: 일반 | G15: 22KW | H15: SINCOS | I15: GI+PAINT | L15: =F15&", "&G15&", "&H15&", "&I15&", "&J15&", "&K15 -> 일반, 22KW, SINCOS, GI+PAINT, , | N15: MR | O15: =I15 -> GI+PAINT | P15: 일반형 | R15: =G15 -> 22KW | S15: =H15 -> SINCOS | U15: =N15&O15&P15&Q15&R15&S15&T15 -> MRGI+PAINT일반형22KWSINCOS | V15: =D15 -> 20410985G0400 | W15: =B15 -> WBLX-SE 일반형 (ELD일체형) | X15: 20302161G01 | Y15: 20302168G01 | Z15: HX045019H0100 | AA15: 20410986G04
A16: =OFFSET(A16,-1,)+1 -> 5 | B16: WBLX-SE 일반형 (ELD일체형) | C16: CP ASSY | D16: 20410985G0600 | F16: 일반 | G16: 7.5KW | H16: INCREMENTAL | I16: GI+PAINT | L16: =F16&", "&G16&", "&H16&", "&I16&", "&J16&", "&K16 -> 일반, 7.5KW, INCREMENTAL, GI+PAINT, , | N16: MR | O16: =I16 -> GI+PAINT | P16: 일반형 | R16: =G16 -> 7.5KW | S16: =H16 -> INCREMENTAL | U16: =N16&O16&P16&Q16&R16&S16&T16 -> MRGI+PAINT일반형7.5KWINCREMENTAL | V16: =D16 -> 20410985G0600 | W16: =B16 -> WBLX-SE 일반형 (ELD일체형) | X16: 20302159G04 | Y16: 20302166G04 | Z16: HX045016H0300 | AA16: 20410986G01
A17: =OFFSET(A17,-1,)+1 -> 6 | B17: WBLX-SE 일반형 (ELD일체형) | C17: CP ASSY | D17: 20410985G0700 | F17: 일반 | G17: 11KW | H17: INCREMENTAL | I17: GI+PAINT | L17: =F17&", "&G17&", "&H17&", "&I17&", "&J17&", "&K17 -> 일반, 11KW, INCREMENTAL, GI+PAINT, , | N17: MR | O17: =I17 -> GI+PAINT | P17: 일반형 | R17: =G17 -> 11KW | S17: =H17 -> INCREMENTAL | U17: =N17&O17&P17&Q17&R17&S17&T17 -> MRGI+PAINT일반형11KWINCREMENTAL | V17: =D17 -> 20410985G0700 | W17: =B17 -> WBLX-SE 일반형 (ELD일체형) | X17: 20302160G03 | Y17: 20302167G03 | Z17: HX045016H0200 | AA17: 20410986G02
A18: =OFFSET(A18,-1,)+1 -> 7 | B18: WBLX-SE 일반형 (ELD일체형) | C18: CP ASSY | D18: 20410985G0800 | F18: 일반 | G18: 15KW | H18: INCREMENTAL | I18: GI+PAINT | L18: =F18&", "&G18&", "&H18&", "&I18&", "&J18&", "&K18 -> 일반, 15KW, INCREMENTAL, GI+PAINT, , | N18: MR | O18: =I18 -> GI+PAINT | P18: 일반형 | R18: =G18 -> 15KW | S18: =H18 -> INCREMENTAL | U18: =N18&O18&P18&Q18&R18&S18&T18 -> MRGI+PAINT일반형15KWINCREMENTAL | V18: =D18 -> 20410985G0800 | W18: =B18 -> WBLX-SE 일반형 (ELD일체형) | X18: 20302160G04 | Y18: 20302167G04 | Z18: HX045016H0100 | AA18: 20410986G03
A19: =OFFSET(A19,-1,)+1 -> 8 | B19: WBLX-SE 일반형 (ELD일체형) | C19: CP ASSY | D19: 20410985G0900 | F19: 일반 | G19: 22KW | H19: INCREMENTAL | I19: GI+PAINT | L19: =F19&", "&G19&", "&H19&", "&I19&", "&J19&", "&K19 -> 일반, 22KW, INCREMENTAL, GI+PAINT, , | N19: MR | O19: =I19 -> GI+PAINT | P19: 일반형 | R19: =G19 -> 22KW | S19: =H19 -> INCREMENTAL | U19: =N19&O19&P19&Q19&R19&S19&T19 -> MRGI+PAINT일반형22KWINCREMENTAL | V19: =D19 -> 20410985G0900 | W19: =B19 -> WBLX-SE 일반형 (ELD일체형) | X19: 20302161G02 | Y19: 20302168G02 | Z19: HX045019H0100 | AA19: 20410986G04
A20: =OFFSET(A20,-1,)+1 -> 9 | B20: WBLX-SE PWM (ELD일체형) | C20: CP ASSY | D20: 20410989G0100 | F20: PWM | G20: 7.5KW | H20: SINCOS | I20: GI+PAINT | L20: =F20&", "&G20&", "&H20&", "&I20&", "&J20&", "&K20 -> PWM, 7.5KW, SINCOS, GI+PAINT, , | N20: MR | O20: =I20 -> GI+PAINT | P20: 회생형 | R20: =G20 -> 7.5KW | S20: =H20 -> SINCOS | U20: =N20&O20&P20&Q20&R20&S20&T20 -> MRGI+PAINT회생형7.5KWSINCOS | V20: =D20 -> 20410989G0100 | W20: =B20 -> WBLX-SE PWM (ELD일체형) | X20: 20302162G01 | Y20: 20302169G01 | Z20: HX045007H0100 | AA20: 20410990G01
A21: =OFFSET(A21,-1,)+1 -> 10 | B21: WBLX-SE PWM (ELD일체형) | C21: CP ASSY | D21: 20410989G0200 | F21: PWM | G21: 11KW | H21: SINCOS | I21: GI+PAINT | L21: =F21&", "&G21&", "&H21&", "&I21&", "&J21&", "&K21 -> PWM, 11KW, SINCOS, GI+PAINT, , | N21: MR | O21: =I21 -> GI+PAINT | P21: 회생형 | R21: =G21 -> 11KW | S21: =H21 -> SINCOS | U21: =N21&O21&P21&Q21&R21&S21&T21 -> MRGI+PAINT회생형11KWSINCOS | V21: =D21 -> 20410989G0200 | W21: =B21 -> WBLX-SE PWM (ELD일체형) | X21: 20302162G02 | Y21: 20302169G02 | Z21: HX045007H0300 | AA21: 20410990G02
A22: =OFFSET(A22,-1,)+1 -> 11 | B22: WBLX-SE PWM (ELD일체형) | C22: CP ASSY | D22: 20410989G0300 | F22: PWM | G22: 15KW | H22: SINCOS | I22: GI+PAINT | L22: =F22&", "&G22&", "&H22&", "&I22&", "&J22&", "&K22 -> PWM, 15KW, SINCOS, GI+PAINT, , | N22: MR | O22: =I22 -> GI+PAINT | P22: 회생형 | R22: =G22 -> 15KW | S22: =H22 -> SINCOS | U22: =N22&O22&P22&Q22&R22&S22&T22 -> MRGI+PAINT회생형15KWSINCOS | V22: =D22 -> 20410989G0300 | W22: =B22 -> WBLX-SE PWM (ELD일체형) | X22: 20302162G03 | Y22: 20302169G03 | Z22: HX045007H0500 | AA22: 20410990G03
A23: =OFFSET(A23,-1,)+1 -> 12 | B23: WBLX-SE PWM (ELD일체형) | C23: CP ASSY | D23: 20410989G0400 | F23: PWM | G23: 22KW | H23: SINCOS | I23: GI+PAINT | L23: =F23&", "&G23&", "&H23&", "&I23&", "&J23&", "&K23 -> PWM, 22KW, SINCOS, GI+PAINT, , | N23: MR | O23: =I23 -> GI+PAINT | P23: 회생형 | R23: =G23 -> 22KW | S23: =H23 -> SINCOS | U23: =N23&O23&P23&Q23&R23&S23&T23 -> MRGI+PAINT회생형22KWSINCOS | V23: =D23 -> 20410989G0400 | W23: =B23 -> WBLX-SE PWM (ELD일체형) | X23: 20302163G01 | Y23: 20302170G01 | Z23: HX045008H0100 | AA23: 20410990G04
... A27: =OFFSET(A27,-1,)+1 -> 16 | B27: WBLX-SE PWM (ELD일체형) | C27: CP ASSY | D27: 20410989G0900 | F27: PWM | G27: 22KW | H27: INCREMENTAL | I27: GI+PAINT | L27: =F27&", "&G27&", "&H27&", "&I27&", "&J27&", "&K27 -> PWM, 22KW, INCREMENTAL, GI+PAINT, , | N27: MR | O27: =I27 -> GI+PAINT | P27: 회생형 | R27: =G27 -> 22KW | S27: =H27 -> INCREMENTAL | U27: =N27&O27&P27&Q27&R27&S27&T27 -> MRGI+PAINT회생형22KWINCREMENTAL | V27: =D27 -> 20410989G0900 | W27: =B27 -> WBLX-SE PWM (ELD일체형) | X27: 20302163G03 | Y27: 20302170G03 | Z27: HX045008H0100 | AA27: 20410990G04
A28: =OFFSET(A28,-1,)+1 -> 17 | B28: WBSS-SE 일반형 | C28: CP ASSY | D28: 20410987G0100 | E28: 20411047G01 | F28: 일반 | G28: 7.5KW | H28: SINCOS | I28: ALL SUS | J28: 2100 | K28: LEFT HINGE | L28: =F28&", "&G28&", "&H28&", "&I28&", "&J28&", "&K28 -> 일반, 7.5KW, SINCOS, ALL SUS, 2100, LEFT HINGE | N28: MRL | O28: ALL SUS-HL | P28: 일반형 | Q28: =J28 -> 2100 | R28: =G28 -> 7.5KW | S28: =H28 -> SINCOS | T28: =K28 -> LEFT HINGE | U28: =N28&O28&P28&Q28&R28&S28&T28 -> MRLALL SUS-HL일반형21007.5KWSINCOSLEFT HINGE | V28: =D28 -> 20410987G0100 | W28: =B28 -> WBSS-SE 일반형 | X28: 20302159G02 | Y28: 20302166G02 | Z28: HX045016H0300 | AA28: 20410988G01
A29: =OFFSET(A29,-1,)+1 -> 18 | B29: WBSS-SE 일반형 | C29: CP ASSY | D29: 20410987G0200 | E29: 20411047G01 | F29: 일반 | G29: 11KW | H29: SINCOS | I29: ALL SUS | J29: 2100 | K29: LEFT HINGE | L29: =F29&", "&G29&", "&H29&", "&I29&", "&J29&", "&K29 -> 일반, 11KW, SINCOS, ALL SUS, 2100, LEFT HINGE | N29: MRL | O29: ALL SUS-HL | P29: 일반형 | Q29: =J29 -> 2100 | R29: =G29 -> 11KW | S29: =H29 -> SINCOS | T29: =K29 -> LEFT HINGE | U29: =N29&O29&P29&Q29&R29&S29&T29 -> MRLALL SUS-HL일반형210011KWSINCOSLEFT HINGE | V29: =D29 -> 20410987G0200 | W29: =B29 -> WBSS-SE 일반형 | X29: 20302160G01 | Y29: 20302167G01 | Z29: HX045016H0200 | AA29: 20410988G02
A30: =OFFSET(A30,-1,)+1 -> 19 | B30: WBSS-SE 일반형 | C30: CP ASSY | D30: 20410987G0300 | E30: 20411047G01 | F30: 일반 | G30: 15KW | H30: SINCOS | I30: ALL SUS | J30: 2100 | K30: LEFT HINGE | L30: =F30&", "&G30&", "&H30&", "&I30&", "&J30&", "&K30 -> 일반, 15KW, SINCOS, ALL SUS, 2100, LEFT HINGE | N30: MRL | O30: ALL SUS-HL | P30: 일반형 | Q30: =J30 -> 2100 | R30: =G30 -> 15KW | S30: =H30 -> SINCOS | T30: =K30 -> LEFT HINGE | U30: =N30&O30&P30&Q30&R30&S30&T30 -> MRLALL SUS-HL일반형210015KWSINCOSLEFT HINGE | V30: =D30 -> 20410987G0300 | W30: =B30 -> WBSS-SE 일반형 | X30: 20302160G02 | Y30: 20302167G02 | Z30: HX045016H0100 | AA30: 20410988G03
A31: =OFFSET(A31,-1,)+1 -> 20 | B31: WBSS-SE 일반형 | C31: CP ASSY | D31: 20410987G0400 | E31: 20411048G01 | F31: 일반 | G31: 22KW | H31: SINCOS | I31: ALL SUS | J31: 2100 | K31: LEFT HINGE | L31: =F31&", "&G31&", "&H31&", "&I31&", "&J31&", "&K31 -> 일반, 22KW, SINCOS, ALL SUS, 2100, LEFT HINGE | N31: MRL | O31: ALL SUS-HL | P31: 일반형 | Q31: =J31 -> 2100 | R31: =G31 -> 22KW | S31: =H31 -> SINCOS | T31: =K31 -> LEFT HINGE | U31: =N31&O31&P31&Q31&R31&S31&T31 -> MRLALL SUS-HL일반형210022KWSINCOSLEFT HINGE | V31: =D31 -> 20410987G0400 | W31: =B31 -> WBSS-SE 일반형 | X31: 20302161G01 | Y31: 20302168G01 | Z31: HX045019H0100 | AA31: 20410988G04
A32: =OFFSET(A32,-1,)+1 -> 21 | B32: WBSS-SE 일반형 | C32: CP ASSY | D32: 20410987G0600 | E32: 20411047G02 | F32: 일반 | G32: 7.5KW | H32: SINCOS | I32: ALL SUS | J32: 2200 | K32: LEFT HINGE | L32: =F32&", "&G32&", "&H32&", "&I32&", "&J32&", "&K32 -> 일반, 7.5KW, SINCOS, ALL SUS, 2200, LEFT HINGE | N32: MRL | O32: ALL SUS-HL | P32: 일반형 | Q32: =J32 -> 2200 | R32: =G32 -> 7.5KW | S32: =H32 -> SINCOS | T32: =K32 -> LEFT HINGE | U32: =N32&O32&P32&Q32&R32&S32&T32 -> MRLALL SUS-HL일반형22007.5KWSINCOSLEFT HINGE | V32: =D32 -> 20410987G0600 | W32: =B32 -> WBSS-SE 일반형 | X32: 20302159G02 | Y32: 20302166G02 | Z32: HX045016H0300 | AA32: 20410988G06
A33: =OFFSET(A33,-1,)+1 -> 22 | B33: WBSS-SE 일반형 | C33: CP ASSY | D33: 20410987G0700 | E33: 20411047G02 | F33: 일반 | G33: 11KW | H33: SINCOS | I33: ALL SUS | J33: 2200 | K33: LEFT HINGE | L33: =F33&", "&G33&", "&H33&", "&I33&", "&J33&", "&K33 -> 일반, 11KW, SINCOS, ALL SUS, 2200, LEFT HINGE | N33: MRL | O33: ALL SUS-HL | P33: 일반형 | Q33: =J33 -> 2200 | R33: =G33 -> 11KW | S33: =H33 -> SINCOS | T33: =K33 -> LEFT HINGE | U33: =N33&O33&P33&Q33&R33&S33&T33 -> MRLALL SUS-HL일반형220011KWSINCOSLEFT HINGE | V33: =D33 -> 20410987G0700 | W33: =B33 -> WBSS-SE 일반형 | X33: 20302160G01 | Y33: 20302167G01 | Z33: HX045016H0200 | AA33: 20410988G07
A34: =OFFSET(A34,-1,)+1 -> 23 | B34: WBSS-SE 일반형 | C34: CP ASSY | D34: 20410987G0800 | E34: 20411047G02 | F34: 일반 | G34: 15KW | H34: SINCOS | I34: ALL SUS | J34: 2200 | K34: LEFT HINGE | L34: =F34&", "&G34&", "&H34&", "&I34&", "&J34&", "&K34 -> 일반, 15KW, SINCOS, ALL SUS, 2200, LEFT HINGE | N34: MRL | O34: ALL SUS-HL | P34: 일반형 | Q34: =J34 -> 2200 | R34: =G34 -> 15KW | S34: =H34 -> SINCOS | T34: =K34 -> LEFT HINGE | U34: =N34&O34&P34&Q34&R34&S34&T34 -> MRLALL SUS-HL일반형220015KWSINCOSLEFT HINGE | V34: =D34 -> 20410987G0800 | W34: =B34 -> WBSS-SE 일반형 | X34: 20302160G02 | Y34: 20302167G02 | Z34: HX045016H0100 | AA34: 20410988G08
A35: =OFFSET(A35,-1,)+1 -> 24 | B35: WBSS-SE 일반형 | C35: CP ASSY | D35: 20410987G0900 | E35: 20411048G02 | F35: 일반 | G35: 22KW | H35: SINCOS | I35: ALL SUS | J35: 2200 | K35: LEFT HINGE | L35: =F35&", "&G35&", "&H35&", "&I35&", "&J35&", "&K35 -> 일반, 22KW, SINCOS, ALL SUS, 2200, LEFT HINGE | N35: MRL | O35: ALL SUS-HL | P35: 일반형 | Q35: =J35 -> 2200 | R35: =G35 -> 22KW | S35: =H35 -> SINCOS | T35: =K35 -> LEFT HINGE | U35: =N35&O35&P35&Q35&R35&S35&T35 -> MRLALL SUS-HL일반형220022KWSINCOSLEFT HINGE | V35: =D35 -> 20410987G0900 | W35: =B35 -> WBSS-SE 일반형 | X35: 20302161G01 | Y35: 20302168G01 | Z35: HX045019H0100 | AA35: 20410988G09
A36: =OFFSET(A36,-1,)+1 -> 25 | B36: WBSS-SE 일반형 | C36: CP ASSY | D36: 20410987G1100 | E36: 20411047G03 | F36: 일반 | G36: 7.5KW | H36: SINCOS | I36: ALL SUS | J36: 2400 | K36: LEFT HINGE | L36: =F36&", "&G36&", "&H36&", "&I36&", "&J36&", "&K36 -> 일반, 7.5KW, SINCOS, ALL SUS, 2400, LEFT HINGE | N36: MRL | O36: ALL SUS-HL | P36: 일반형 | Q36: =J36 -> 2400 | R36: =G36 -> 7.5KW | S36: =H36 -> SINCOS | T36: =K36 -> LEFT HINGE | U36: =N36&O36&P36&Q36&R36&S36&T36 -> MRLALL SUS-HL일반형24007.5KWSINCOSLEFT HINGE | V36: =D36 -> 20410987G1100 | W36: =B36 -> WBSS-SE 일반형 | X36: 20302159G02 | Y36: 20302166G02 | Z36: HX045016H0300 | AA36: 20410988G11
A37: =OFFSET(A37,-1,)+1 -> 26 | B37: WBSS-SE 일반형 | C37: CP ASSY | D37: 20410987G1200 | E37: 20411047G03 | F37: 일반 | G37: 11KW | H37: SINCOS | I37: ALL SUS | J37: 2400 | K37: LEFT HINGE | L37: =F37&", "&G37&", "&H37&", "&I37&", "&J37&", "&K37 -> 일반, 11KW, SINCOS, ALL SUS, 2400, LEFT HINGE | N37: MRL | O37: ALL SUS-HL | P37: 일반형 | Q37: =J37 -> 2400 | R37: =G37 -> 11KW | S37: =H37 -> SINCOS | T37: =K37 -> LEFT HINGE | U37: =N37&O37&P37&Q37&R37&S37&T37 -> MRLALL SUS-HL일반형240011KWSINCOSLEFT HINGE | V37: =D37 -> 20410987G1200 | W37: =B37 -> WBSS-SE 일반형 | X37: 20302160G01 | Y37: 20302167G01 | Z37: HX045016H0200 | AA37: 20410988G12
A38: =OFFSET(A38,-1,)+1 -> 27 | B38: WBSS-SE 일반형 | C38: CP ASSY | D38: 20410987G1300 | E38: 20411047G03 | F38: 일반 | G38: 15KW | H38: SINCOS | I38: ALL SUS | J38: 2400 | K38: LEFT HINGE | L38: =F38&", "&G38&", "&H38&", "&I38&", "&J38&", "&K38 -> 일반, 15KW, SINCOS, ALL SUS, 2400, LEFT HINGE | N38: MRL | O38: ALL SUS-HL | P38: 일반형 | Q38: =J38 -> 2400 | R38: =G38 -> 15KW | S38: =H38 -> SINCOS | T38: =K38 -> LEFT HINGE | U38: =N38&O38&P38&Q38&R38&S38&T38 -> MRLALL SUS-HL일반형240015KWSINCOSLEFT HINGE | V38: =D38 -> 20410987G1300 | W38: =B38 -> WBSS-SE 일반형 | X38: 20302160G02 | Y38: 20302167G02 | Z38: HX045016H0100 | AA38: 20410988G13
A39: =OFFSET(A39,-1,)+1 -> 28 | B39: WBSS-SE 일반형 | C39: CP ASSY | D39: 20410987G1400 | E39: 20411048G03 | F39: 일반 | G39: 22KW | H39: SINCOS | I39: ALL SUS | J39: 2400 | K39: LEFT HINGE | L39: =F39&", "&G39&", "&H39&", "&I39&", "&J39&", "&K39 -> 일반, 22KW, SINCOS, ALL SUS, 2400, LEFT HINGE | N39: MRL | O39: ALL SUS-HL | P39: 일반형 | Q39: =J39 -> 2400 | R39: =G39 -> 22KW | S39: =H39 -> SINCOS | T39: =K39 -> LEFT HINGE | U39: =N39&O39&P39&Q39&R39&S39&T39 -> MRLALL SUS-HL일반형240022KWSINCOSLEFT HINGE | V39: =D39 -> 20410987G1400 | W39: =B39 -> WBSS-SE 일반형 | X39: 20302161G01 | Y39: 20302168G01 | Z39: HX045019H0100 | AA39: 20410988G14
... A51: =OFFSET(A51,-1,)+1 -> 40 | B51: WBSS-SE 일반형 | C51: CP ASSY | D51: 20410987G2900 | E51: 20411048G06 | F51: 일반 | G51: 22KW | H51: SINCOS | I51: ALL SUS | J51: 2400 | K51: RIGHT HINGE | L51: =F51&", "&G51&", "&H51&", "&I51&", "&J51&", "&K51 -> 일반, 22KW, SINCOS, ALL SUS, 2400, RIGHT HINGE | N51: MRL | O51: ALL SUS-HL | P51: 일반형 | Q51: =J51 -> 2400 | R51: =G51 -> 22KW | S51: =H51 -> SINCOS | T51: =K51 -> RIGHT HINGE | U51: =N51&O51&P51&Q51&R51&S51&T51 -> MRLALL SUS-HL일반형240022KWSINCOSRIGHT HINGE | V51: =D51 -> 20410987G2900 | W51: =B51 -> WBSS-SE 일반형 | X51: 20302161G01 | Y51: 20302168G01 | Z51: HX045019H0100 | AA51: 20410988G29
A52: =OFFSET(A52,-1,)+1 -> 41 | B52: WBSS-SE 일반형 | C52: CP ASSY | D52: 20410987G3100 | E52: 20411047G07 | F52: 일반 | G52: 7.5KW | H52: SINCOS | K52: HOIST TYPE | L52: =F52&", "&G52&", "&H52&", "&I52&", "&J52&", "&K52 -> 일반, 7.5KW, SINCOS, , , HOIST TYPE | N52: MRL | P52: 일반형 | R52: =G52 -> 7.5KW | S52: =H52 -> SINCOS | T52: =K52 -> HOIST TYPE | U52: =N52&O52&P52&Q52&R52&S52&T52 -> MRL일반형7.5KWSINCOSHOIST TYPE | V52: =D52 -> 20410987G3100 | W52: =B52 -> WBSS-SE 일반형 | X52: 20302159G02 | Y52: 20302166G02 | Z52: HX045016H0300 | AA52: 20410988G31
A53: =OFFSET(A53,-1,)+1 -> 42 | B53: WBSS-SE 일반형 | C53: CP ASSY | D53: 20410987G3200 | E53: 20411047G07 | F53: 일반 | G53: 11KW | H53: SINCOS | K53: HOIST TYPE | L53: =F53&", "&G53&", "&H53&", "&I53&", "&J53&", "&K53 -> 일반, 11KW, SINCOS, , , HOIST TYPE | N53: MRL | P53: 일반형 | R53: =G53 -> 11KW | S53: =H53 -> SINCOS | T53: =K53 -> HOIST TYPE | U53: =N53&O53&P53&Q53&R53&S53&T53 -> MRL일반형11KWSINCOSHOIST TYPE | V53: =D53 -> 20410987G3200 | W53: =B53 -> WBSS-SE 일반형 | X53: 20302160G01 | Y53: 20302167G01 | Z53: HX045016H0200 | AA53: 20410988G32
A54: =OFFSET(A54,-1,)+1 -> 43 | B54: WBSS-SE 일반형 | C54: CP ASSY | D54: 20410987G3300 | E54: 20411047G07 | F54: 일반 | G54: 15KW | H54: SINCOS | K54: HOIST TYPE | L54: =F54&", "&G54&", "&H54&", "&I54&", "&J54&", "&K54 -> 일반, 15KW, SINCOS, , , HOIST TYPE | N54: MRL | P54: 일반형 | R54: =G54 -> 15KW | S54: =H54 -> SINCOS | T54: =K54 -> HOIST TYPE | U54: =N54&O54&P54&Q54&R54&S54&T54 -> MRL일반형15KWSINCOSHOIST TYPE | V54: =D54 -> 20410987G3300 | W54: =B54 -> WBSS-SE 일반형 | X54: 20302160G02 | Y54: 20302167G02 | Z54: HX045016H0100 | AA54: 20410988G33
A55: =OFFSET(A55,-1,)+1 -> 44 | B55: WBSS-SE 일반형 | C55: CP ASSY | D55: 20410987G3400 | E55: 20411048G07 | F55: 일반 | G55: 22KW | H55: SINCOS | K55: HOIST TYPE | L55: =F55&", "&G55&", "&H55&", "&I55&", "&J55&", "&K55 -> 일반, 22KW, SINCOS, , , HOIST TYPE | N55: MRL | P55: 일반형 | R55: =G55 -> 22KW | S55: =H55 -> SINCOS | T55: =K55 -> HOIST TYPE | U55: =N55&O55&P55&Q55&R55&S55&T55 -> MRL일반형22KWSINCOSHOIST TYPE | V55: =D55 -> 20410987G3400 | W55: =B55 -> WBSS-SE 일반형 | X55: 20302161G01 | Y55: 20302168G01 | Z55: HX045019H0100 | AA55: 20410988G34
A56: =OFFSET(A56,-1,)+1 -> 45 | B56: WBSS-SE 일반형 | C56: CP ASSY | D56: 20410987G3600 | E56: 20411047G01 | F56: 일반 | G56: 7.5KW | H56: INCREMENTAL | I56: ALL SUS | J56: 2100 | K56: LEFT HINGE | L56: =F56&", "&G56&", "&H56&", "&I56&", "&J56&", "&K56 -> 일반, 7.5KW, INCREMENTAL, ALL SUS, 2100, LEFT HINGE | N56: MRL | O56: ALL SUS-HL | P56: 일반형 | Q56: =J56 -> 2100 | R56: =G56 -> 7.5KW | S56: =H56 -> INCREMENTAL | T56: =K56 -> LEFT HINGE | U56: =N56&O56&P56&Q56&R56&S56&T56 -> MRLALL SUS-HL일반형21007.5KWINCREMENTALLEFT HINGE | V56: =D56 -> 20410987G3600 | W56: =B56 -> WBSS-SE 일반형 | X56: 20302159G04 | Y56: 20302166G04 | Z56: HX045016H0300 | AA56: 20410988G01
A57: =OFFSET(A57,-1,)+1 -> 46 | B57: WBSS-SE 일반형 | C57: CP ASSY | D57: 20410987G3700 | E57: 20411047G01 | F57: 일반 | G57: 11KW | H57: INCREMENTAL | I57: ALL SUS | J57: 2100 | K57: LEFT HINGE | L57: =F57&", "&G57&", "&H57&", "&I57&", "&J57&", "&K57 -> 일반, 11KW, INCREMENTAL, ALL SUS, 2100, LEFT HINGE | N57: MRL | O57: ALL SUS-HL | P57: 일반형 | Q57: =J57 -> 2100 | R57: =G57 -> 11KW | S57: =H57 -> INCREMENTAL | T57: =K57 -> LEFT HINGE | U57: =N57&O57&P57&Q57&R57&S57&T57 -> MRLALL SUS-HL일반형210011KWINCREMENTALLEFT HINGE | V57: =D57 -> 20410987G3700 | W57: =B57 -> WBSS-SE 일반형 | X57: 20302160G03 | Y57: 20302167G03 | Z57: HX045016H0200 | AA57: 20410988G02
A58: =OFFSET(A58,-1,)+1 -> 47 | B58: WBSS-SE 일반형 | C58: CP ASSY | D58: 20410987G3800 | E58: 20411047G01 | F58: 일반 | G58: 15KW | H58: INCREMENTAL | I58: ALL SUS | J58: 2100 | K58: LEFT HINGE | L58: =F58&", "&G58&", "&H58&", "&I58&", "&J58&", "&K58 -> 일반, 15KW, INCREMENTAL, ALL SUS, 2100, LEFT HINGE | N58: MRL | O58: ALL SUS-HL | P58: 일반형 | Q58: =J58 -> 2100 | R58: =G58 -> 15KW | S58: =H58 -> INCREMENTAL | T58: =K58 -> LEFT HINGE | U58: =N58&O58&P58&Q58&R58&S58&T58 -> MRLALL SUS-HL일반형210015KWINCREMENTALLEFT HINGE | V58: =D58 -> 20410987G3800 | W58: =B58 -> WBSS-SE 일반형 | X58: 20302160G04 | Y58: 20302167G04 | Z58: HX045016H0100 | AA58: 20410988G03
A59: =OFFSET(A59,-1,)+1 -> 48 | B59: WBSS-SE 일반형 | C59: CP ASSY | D59: 20410987G3900 | E59: 20411048G01 | F59: 일반 | G59: 22KW | H59: INCREMENTAL | I59: ALL SUS | J59: 2100 | K59: LEFT HINGE | L59: =F59&", "&G59&", "&H59&", "&I59&", "&J59&", "&K59 -> 일반, 22KW, INCREMENTAL, ALL SUS, 2100, LEFT HINGE | N59: MRL | O59: ALL SUS-HL | P59: 일반형 | Q59: =J59 -> 2100 | R59: =G59 -> 22KW | S59: =H59 -> INCREMENTAL | T59: =K59 -> LEFT HINGE | U59: =N59&O59&P59&Q59&R59&S59&T59 -> MRLALL SUS-HL일반형210022KWINCREMENTALLEFT HINGE | V59: =D59 -> 20410987G3900 | W59: =B59 -> WBSS-SE 일반형 | X59: 20302161G02 | Y59: 20302168G02 | Z59: HX045019H0100 | AA59: 20410988G04
A60: =OFFSET(A60,-1,)+1 -> 49 | B60: WBSS-SE 일반형 | C60: CP ASSY | D60: 20410987G4100 | E60: 20411047G02 | F60: 일반 | G60: 7.5KW | H60: INCREMENTAL | I60: ALL SUS | J60: 2200 | K60: LEFT HINGE | L60: =F60&", "&G60&", "&H60&", "&I60&", "&J60&", "&K60 -> 일반, 7.5KW, INCREMENTAL, ALL SUS, 2200, LEFT HINGE | N60: MRL | O60: ALL SUS-HL | P60: 일반형 | Q60: =J60 -> 2200 | R60: =G60 -> 7.5KW | S60: =H60 -> INCREMENTAL | T60: =K60 -> LEFT HINGE | U60: =N60&O60&P60&Q60&R60&S60&T60 -> MRLALL SUS-HL일반형22007.5KWINCREMENTALLEFT HINGE | V60: =D60 -> 20410987G4100 | W60: =B60 -> WBSS-SE 일반형 | X60: 20302159G04 | Y60: 20302166G04 | Z60: HX045016H0300 | AA60: 20410988G06
A61: =OFFSET(A61,-1,)+1 -> 50 | B61: WBSS-SE 일반형 | C61: CP ASSY | D61: 20410987G4200 | E61: 20411047G02 | F61: 일반 | G61: 11KW | H61: INCREMENTAL | I61: ALL SUS | J61: 2200 | K61: LEFT HINGE | L61: =F61&", "&G61&", "&H61&", "&I61&", "&J61&", "&K61 -> 일반, 11KW, INCREMENTAL, ALL SUS, 2200, LEFT HINGE | N61: MRL | O61: ALL SUS-HL | P61: 일반형 | Q61: =J61 -> 2200 | R61: =G61 -> 11KW | S61: =H61 -> INCREMENTAL | T61: =K61 -> LEFT HINGE | U61: =N61&O61&P61&Q61&R61&S61&T61 -> MRLALL SUS-HL일반형220011KWINCREMENTALLEFT HINGE | V61: =D61 -> 20410987G4200 | W61: =B61 -> WBSS-SE 일반형 | X61: 20302160G03 | Y61: 20302167G03 | Z61: HX045016H0200 | AA61: 20410988G07
A62: =OFFSET(A62,-1,)+1 -> 51 | B62: WBSS-SE 일반형 | C62: CP ASSY | D62: 20410987G4300 | E62: 20411047G02 | F62: 일반 | G62: 15KW | H62: INCREMENTAL | I62: ALL SUS | J62: 2200 | K62: LEFT HINGE | L62: =F62&", "&G62&", "&H62&", "&I62&", "&J62&", "&K62 -> 일반, 15KW, INCREMENTAL, ALL SUS, 2200, LEFT HINGE | N62: MRL | O62: ALL SUS-HL | P62: 일반형 | Q62: =J62 -> 2200 | R62: =G62 -> 15KW | S62: =H62 -> INCREMENTAL | T62: =K62 -> LEFT HINGE | U62: =N62&O62&P62&Q62&R62&S62&T62 -> MRLALL SUS-HL일반형220015KWINCREMENTALLEFT HINGE | V62: =D62 -> 20410987G4300 | W62: =B62 -> WBSS-SE 일반형 | X62: 20302160G04 | Y62: 20302167G04 | Z62: HX045016H0100 | AA62: 20410988G08
A63: =OFFSET(A63,-1,)+1 -> 52 | B63: WBSS-SE 일반형 | C63: CP ASSY | D63: 20410987G4400 | E63: 20411048G02 | F63: 일반 | G63: 22KW | H63: INCREMENTAL | I63: ALL SUS | J63: 2200 | K63: LEFT HINGE | L63: =F63&", "&G63&", "&H63&", "&I63&", "&J63&", "&K63 -> 일반, 22KW, INCREMENTAL, ALL SUS, 2200, LEFT HINGE | N63: MRL | O63: ALL SUS-HL | P63: 일반형 | Q63: =J63 -> 2200 | R63: =G63 -> 22KW | S63: =H63 -> INCREMENTAL | T63: =K63 -> LEFT HINGE | U63: =N63&O63&P63&Q63&R63&S63&T63 -> MRLALL SUS-HL일반형220022KWINCREMENTALLEFT HINGE | V63: =D63 -> 20410987G4400 | W63: =B63 -> WBSS-SE 일반형 | X63: 20302161G02 | Y63: 20302168G02 | Z63: HX045019H0100 | AA63: 20410988G09
A64: =OFFSET(A64,-1,)+1 -> 53 | B64: WBSS-SE 일반형 | C64: CP ASSY | D64: 20410987G4600 | E64: 20411047G03 | F64: 일반 | G64: 7.5KW | H64: INCREMENTAL | I64: ALL SUS | J64: 2400 | K64: LEFT HINGE | L64: =F64&", "&G64&", "&H64&", "&I64&", "&J64&", "&K64 -> 일반, 7.5KW, INCREMENTAL, ALL SUS, 2400, LEFT HINGE | N64: MRL | O64: ALL SUS-HL | P64: 일반형 | Q64: =J64 -> 2400 | R64: =G64 -> 7.5KW | S64: =H64 -> INCREMENTAL | T64: =K64 -> LEFT HINGE | U64: =N64&O64&P64&Q64&R64&S64&T64 -> MRLALL SUS-HL일반형24007.5KWINCREMENTALLEFT HINGE | V64: =D64 -> 20410987G4600 | W64: =B64 -> WBSS-SE 일반형 | X64: 20302159G04 | Y64: 20302166G04 | Z64: HX045016H0300 | AA64: 20410988G11
A65: =OFFSET(A65,-1,)+1 -> 54 | B65: WBSS-SE 일반형 | C65: CP ASSY | D65: 20410987G4700 | E65: 20411047G03 | F65: 일반 | G65: 11KW | H65: INCREMENTAL | I65: ALL SUS | J65: 2400 | K65: LEFT HINGE | L65: =F65&", "&G65&", "&H65&", "&I65&", "&J65&", "&K65 -> 일반, 11KW, INCREMENTAL, ALL SUS, 2400, LEFT HINGE | N65: MRL | O65: ALL SUS-HL | P65: 일반형 | Q65: =J65 -> 2400 | R65: =G65 -> 11KW | S65: =H65 -> INCREMENTAL | T65: =K65 -> LEFT HINGE | U65: =N65&O65&P65&Q65&R65&S65&T65 -> MRLALL SUS-HL일반형240011KWINCREMENTALLEFT HINGE | V65: =D65 -> 20410987G4700 | W65: =B65 -> WBSS-SE 일반형 | X65: 20302160G03 | Y65: 20302167G03 | Z65: HX045016H0200 | AA65: 20410988G12
A66: =OFFSET(A66,-1,)+1 -> 55 | B66: WBSS-SE 일반형 | C66: CP ASSY | D66: 20410987G4800 | E66: 20411047G03 | F66: 일반 | G66: 15KW | H66: INCREMENTAL | I66: ALL SUS | J66: 2400 | K66: LEFT HINGE | L66: =F66&", "&G66&", "&H66&", "&I66&", "&J66&", "&K66 -> 일반, 15KW, INCREMENTAL, ALL SUS, 2400, LEFT HINGE | N66: MRL | O66: ALL SUS-HL | P66: 일반형 | Q66: =J66 -> 2400 | R66: =G66 -> 15KW | S66: =H66 -> INCREMENTAL | T66: =K66 -> LEFT HINGE | U66: =N66&O66&P66&Q66&R66&S66&T66 -> MRLALL SUS-HL일반형240015KWINCREMENTALLEFT HINGE | V66: =D66 -> 20410987G4800 | W66: =B66 -> WBSS-SE 일반형 | X66: 20302160G04 | Y66: 20302167G04 | Z66: HX045016H0100 | AA66: 20410988G13
A67: =OFFSET(A67,-1,)+1 -> 56 | B67: WBSS-SE 일반형 | C67: CP ASSY | D67: 20410987G4900 | E67: 20411048G03 | F67: 일반 | G67: 22KW | H67: INCREMENTAL | I67: ALL SUS | J67: 2400 | K67: LEFT HINGE | L67: =F67&", "&G67&", "&H67&", "&I67&", "&J67&", "&K67 -> 일반, 22KW, INCREMENTAL, ALL SUS, 2400, LEFT HINGE | N67: MRL | O67: ALL SUS-HL | P67: 일반형 | Q67: =J67 -> 2400 | R67: =G67 -> 22KW | S67: =H67 -> INCREMENTAL | T67: =K67 -> LEFT HINGE | U67: =N67&O67&P67&Q67&R67&S67&T67 -> MRLALL SUS-HL일반형240022KWINCREMENTALLEFT HINGE | V67: =D67 -> 20410987G4900 | W67: =B67 -> WBSS-SE 일반형 | X67: 20302161G02 | Y67: 20302168G02 | Z67: HX045019H0100 | AA67: 20410988G14
... A79: =OFFSET(A79,-1,)+1 -> 68 | B79: WBSS-SE 일반형 | C79: CP ASSY | D79: 20410987G6400 | E79: 20411048G06 | F79: 일반 | G79: 22KW | H79: INCREMENTAL | I79: ALL SUS | J79: 2400 | K79: RIGHT HINGE | L79: =F79&", "&G79&", "&H79&", "&I79&", "&J79&", "&K79 -> 일반, 22KW, INCREMENTAL, ALL SUS, 2400, RIGHT HINGE | N79: MRL | O79: ALL SUS-HL | P79: 일반형 | Q79: =J79 -> 2400 | R79: =G79 -> 22KW | S79: =H79 -> INCREMENTAL | T79: =K79 -> RIGHT HINGE | U79: =N79&O79&P79&Q79&R79&S79&T79 -> MRLALL SUS-HL일반형240022KWINCREMENTALRIGHT HINGE | V79: =D79 -> 20410987G6400 | W79: =B79 -> WBSS-SE 일반형 | X79: 20302161G02 | Y79: 20302168G02 | Z79: HX045019H0100 | AA79: 20410988G29
A80: =OFFSET(A80,-1,)+1 -> 69 | B80: WBSS-SE 일반형 | C80: CP ASSY | D80: 20410987G6600 | E80: 20411047G07 | F80: 일반 | G80: 7.5KW | H80: INCREMENTAL | K80: HOIST TYPE | L80: =F80&", "&G80&", "&H80&", "&I80&", "&J80&", "&K80 -> 일반, 7.5KW, INCREMENTAL, , , HOIST TYPE | N80: MRL | P80: 일반형 | R80: =G80 -> 7.5KW | S80: =H80 -> INCREMENTAL | T80: =K80 -> HOIST TYPE | U80: =N80&O80&P80&Q80&R80&S80&T80 -> MRL일반형7.5KWINCREMENTALHOIST TYPE | V80: =D80 -> 20410987G6600 | W80: =B80 -> WBSS-SE 일반형 | X80: 20302159G04 | Y80: 20302166G04 | Z80: HX045016H0300 | AA80: 20410988G31
A81: =OFFSET(A81,-1,)+1 -> 70 | B81: WBSS-SE 일반형 | C81: CP ASSY | D81: 20410987G6700 | E81: 20411047G07 | F81: 일반 | G81: 11KW | H81: INCREMENTAL | K81: HOIST TYPE | L81: =F81&", "&G81&", "&H81&", "&I81&", "&J81&", "&K81 -> 일반, 11KW, INCREMENTAL, , , HOIST TYPE | N81: MRL | P81: 일반형 | R81: =G81 -> 11KW | S81: =H81 -> INCREMENTAL | T81: =K81 -> HOIST TYPE | U81: =N81&O81&P81&Q81&R81&S81&T81 -> MRL일반형11KWINCREMENTALHOIST TYPE | V81: =D81 -> 20410987G6700 | W81: =B81 -> WBSS-SE 일반형 | X81: 20302160G03 | Y81: 20302167G03 | Z81: HX045016H0200 | AA81: 20410988G32
A82: =OFFSET(A82,-1,)+1 -> 71 | B82: WBSS-SE 일반형 | C82: CP ASSY | D82: 20410987G6800 | E82: 20411047G07 | F82: 일반 | G82: 15KW | H82: INCREMENTAL | K82: HOIST TYPE | L82: =F82&", "&G82&", "&H82&", "&I82&", "&J82&", "&K82 -> 일반, 15KW, INCREMENTAL, , , HOIST TYPE | N82: MRL | P82: 일반형 | R82: =G82 -> 15KW | S82: =H82 -> INCREMENTAL | T82: =K82 -> HOIST TYPE | U82: =N82&O82&P82&Q82&R82&S82&T82 -> MRL일반형15KWINCREMENTALHOIST TYPE | V82: =D82 -> 20410987G6800 | W82: =B82 -> WBSS-SE 일반형 | X82: 20302160G04 | Y82: 20302167G04 | Z82: HX045016H0100 | AA82: 20410988G33
A83: =OFFSET(A83,-1,)+1 -> 72 | B83: WBSS-SE 일반형 | C83: CP ASSY | D83: 20410987G6900 | E83: 20411048G07 | F83: 일반 | G83: 22KW | H83: INCREMENTAL | K83: HOIST TYPE | L83: =F83&", "&G83&", "&H83&", "&I83&", "&J83&", "&K83 -> 일반, 22KW, INCREMENTAL, , , HOIST TYPE | N83: MRL | P83: 일반형 | R83: =G83 -> 22KW | S83: =H83 -> INCREMENTAL | T83: =K83 -> HOIST TYPE | U83: =N83&O83&P83&Q83&R83&S83&T83 -> MRL일반형22KWINCREMENTALHOIST TYPE | V83: =D83 -> 20410987G6900 | W83: =B83 -> WBSS-SE 일반형 | X83: 20302161G02 | Y83: 20302168G02 | Z83: HX045019H0100 | AA83: 20410988G34
A84: =OFFSET(A84,-1,)+1 -> 73 | B84: WBSS-SE PWM | C84: CP ASSY | D84: 20410991G0100 | E84: 20411050G01 | F84: PWM | G84: 7.5KW | H84: SINCOS | I84: ALL SUS | J84: 2100 | K84: LEFT HINGE | L84: =F84&", "&G84&", "&H84&", "&I84&", "&J84&", "&K84 -> PWM, 7.5KW, SINCOS, ALL SUS, 2100, LEFT HINGE | N84: MRL | O84: ALL SUS-HL | P84: 회생형 | Q84: =J84 -> 2100 | R84: =G84 -> 7.5KW | S84: =H84 -> SINCOS | T84: =K84 -> LEFT HINGE | U84: =N84&O84&P84&Q84&R84&S84&T84 -> MRLALL SUS-HL회생형21007.5KWSINCOSLEFT HINGE | V84: =D84 -> 20410991G0100 | W84: =B84 -> WBSS-SE PWM | X84: 20302162G01 | Y84: 20302169G01 | Z84: HX045007H0100 | AA84: 20410992G01
A85: =OFFSET(A85,-1,)+1 -> 74 | B85: WBSS-SE PWM | C85: CP ASSY | D85: 20410991G0200 | E85: 20411050G01 | F85: PWM | G85: 11KW | H85: SINCOS | I85: ALL SUS | J85: 2100 | K85: LEFT HINGE | L85: =F85&", "&G85&", "&H85&", "&I85&", "&J85&", "&K85 -> PWM, 11KW, SINCOS, ALL SUS, 2100, LEFT HINGE | N85: MRL | O85: ALL SUS-HL | P85: 회생형 | Q85: =J85 -> 2100 | R85: =G85 -> 11KW | S85: =H85 -> SINCOS | T85: =K85 -> LEFT HINGE | U85: =N85&O85&P85&Q85&R85&S85&T85 -> MRLALL SUS-HL회생형210011KWSINCOSLEFT HINGE | V85: =D85 -> 20410991G0200 | W85: =B85 -> WBSS-SE PWM | X85: 20302162G02 | Y85: 20302169G02 | Z85: HX045007H0300 | AA85: 20410992G02
A86: =OFFSET(A86,-1,)+1 -> 75 | B86: WBSS-SE PWM | C86: CP ASSY | D86: 20410991G0300 | E86: 20411050G01 | F86: PWM | G86: 15KW | H86: SINCOS | I86: ALL SUS | J86: 2100 | K86: LEFT HINGE | L86: =F86&", "&G86&", "&H86&", "&I86&", "&J86&", "&K86 -> PWM, 15KW, SINCOS, ALL SUS, 2100, LEFT HINGE | N86: MRL | O86: ALL SUS-HL | P86: 회생형 | Q86: =J86 -> 2100 | R86: =G86 -> 15KW | S86: =H86 -> SINCOS | T86: =K86 -> LEFT HINGE | U86: =N86&O86&P86&Q86&R86&S86&T86 -> MRLALL SUS-HL회생형210015KWSINCOSLEFT HINGE | V86: =D86 -> 20410991G0300 | W86: =B86 -> WBSS-SE PWM | X86: 20302162G03 | Y86: 20302169G03 | Z86: HX045007H0500 | AA86: 20410992G03
A87: =OFFSET(A87,-1,)+1 -> 76 | B87: WBSS-SE PWM | C87: CP ASSY | D87: 20410991G0400 | E87: 20411051G01 | F87: PWM | G87: 22KW | H87: SINCOS | I87: ALL SUS | J87: 2100 | K87: LEFT HINGE | L87: =F87&", "&G87&", "&H87&", "&I87&", "&J87&", "&K87 -> PWM, 22KW, SINCOS, ALL SUS, 2100, LEFT HINGE | N87: MRL | O87: ALL SUS-HL | P87: 회생형 | Q87: =J87 -> 2100 | R87: =G87 -> 22KW | S87: =H87 -> SINCOS | T87: =K87 -> LEFT HINGE | U87: =N87&O87&P87&Q87&R87&S87&T87 -> MRLALL SUS-HL회생형210022KWSINCOSLEFT HINGE | V87: =D87 -> 20410991G0400 | W87: =B87 -> WBSS-SE PWM | X87: 20302163G01 | Y87: 20302170G01 | Z87: HX045008H0100 | AA87: 20410992G04
A88: =OFFSET(A88,-1,)+1 -> 77 | B88: WBSS-SE PWM | C88: CP ASSY | D88: 20410991G0500 | E88: 20411050G02 | F88: PWM | G88: 7.5KW | H88: SINCOS | I88: ALL SUS | J88: 2200 | K88: LEFT HINGE | L88: =F88&", "&G88&", "&H88&", "&I88&", "&J88&", "&K88 -> PWM, 7.5KW, SINCOS, ALL SUS, 2200, LEFT HINGE | N88: MRL | O88: ALL SUS-HL | P88: 회생형 | Q88: =J88 -> 2200 | R88: =G88 -> 7.5KW | S88: =H88 -> SINCOS | T88: =K88 -> LEFT HINGE | U88: =N88&O88&P88&Q88&R88&S88&T88 -> MRLALL SUS-HL회생형22007.5KWSINCOSLEFT HINGE | V88: =D88 -> 20410991G0500 | W88: =B88 -> WBSS-SE PWM | X88: 20302162G01 | Y88: 20302169G01 | Z88: HX045007H0100 | AA88: 20410992G05
A89: =OFFSET(A89,-1,)+1 -> 78 | B89: WBSS-SE PWM | C89: CP ASSY | D89: 20410991G0600 | E89: 20411050G02 | F89: PWM | G89: 11KW | H89: SINCOS | I89: ALL SUS | J89: 2200 | K89: LEFT HINGE | L89: =F89&", "&G89&", "&H89&", "&I89&", "&J89&", "&K89 -> PWM, 11KW, SINCOS, ALL SUS, 2200, LEFT HINGE | N89: MRL | O89: ALL SUS-HL | P89: 회생형 | Q89: =J89 -> 2200 | R89: =G89 -> 11KW | S89: =H89 -> SINCOS | T89: =K89 -> LEFT HINGE | U89: =N89&O89&P89&Q89&R89&S89&T89 -> MRLALL SUS-HL회생형220011KWSINCOSLEFT HINGE | V89: =D89 -> 20410991G0600 | W89: =B89 -> WBSS-SE PWM | X89: 20302162G02 | Y89: 20302169G02 | Z89: HX045007H0300 | AA89: 20410992G06
A90: =OFFSET(A90,-1,)+1 -> 79 | B90: WBSS-SE PWM | C90: CP ASSY | D90: 20410991G0700 | E90: 20411050G02 | F90: PWM | G90: 15KW | H90: SINCOS | I90: ALL SUS | J90: 2200 | K90: LEFT HINGE | L90: =F90&", "&G90&", "&H90&", "&I90&", "&J90&", "&K90 -> PWM, 15KW, SINCOS, ALL SUS, 2200, LEFT HINGE | N90: MRL | O90: ALL SUS-HL | P90: 회생형 | Q90: =J90 -> 2200 | R90: =G90 -> 15KW | S90: =H90 -> SINCOS | T90: =K90 -> LEFT HINGE | U90: =N90&O90&P90&Q90&R90&S90&T90 -> MRLALL SUS-HL회생형220015KWSINCOSLEFT HINGE | V90: =D90 -> 20410991G0700 | W90: =B90 -> WBSS-SE PWM | X90: 20302162G03 | Y90: 20302169G03 | Z90: HX045007H0500 | AA90: 20410992G07
A91: =OFFSET(A91,-1,)+1 -> 80 | B91: WBSS-SE PWM | C91: CP ASSY | D91: 20410991G0800 | E91: 20411051G02 | F91: PWM | G91: 22KW | H91: SINCOS | I91: ALL SUS | J91: 2200 | K91: LEFT HINGE | L91: =F91&", "&G91&", "&H91&", "&I91&", "&J91&", "&K91 -> PWM, 22KW, SINCOS, ALL SUS, 2200, LEFT HINGE | N91: MRL | O91: ALL SUS-HL | P91: 회생형 | Q91: =J91 -> 2200 | R91: =G91 -> 22KW | S91: =H91 -> SINCOS | T91: =K91 -> LEFT HINGE | U91: =N91&O91&P91&Q91&R91&S91&T91 -> MRLALL SUS-HL회생형220022KWSINCOSLEFT HINGE | V91: =D91 -> 20410991G0800 | W91: =B91 -> WBSS-SE PWM | X91: 20302163G01 | Y91: 20302170G01 | Z91: HX045008H0100 | AA91: 20410992G08
A92: =OFFSET(A92,-1,)+1 -> 81 | B92: WBSS-SE PWM | C92: CP ASSY | D92: 20410991G0900 | E92: 20411050G03 | F92: PWM | G92: 7.5KW | H92: SINCOS | I92: ALL SUS | J92: 2400 | K92: LEFT HINGE | L92: =F92&", "&G92&", "&H92&", "&I92&", "&J92&", "&K92 -> PWM, 7.5KW, SINCOS, ALL SUS, 2400, LEFT HINGE | N92: MRL | O92: ALL SUS-HL | P92: 회생형 | Q92: =J92 -> 2400 | R92: =G92 -> 7.5KW | S92: =H92 -> SINCOS | T92: =K92 -> LEFT HINGE | U92: =N92&O92&P92&Q92&R92&S92&T92 -> MRLALL SUS-HL회생형24007.5KWSINCOSLEFT HINGE | V92: =D92 -> 20410991G0900 | W92: =B92 -> WBSS-SE PWM | X92: 20302162G01 | Y92: 20302169G01 | Z92: HX045007H0100 | AA92: 20410992G09
A93: =OFFSET(A93,-1,)+1 -> 82 | B93: WBSS-SE PWM | C93: CP ASSY | D93: 20410991G1000 | E93: 20411050G03 | F93: PWM | G93: 11KW | H93: SINCOS | I93: ALL SUS | J93: 2400 | K93: LEFT HINGE | L93: =F93&", "&G93&", "&H93&", "&I93&", "&J93&", "&K93 -> PWM, 11KW, SINCOS, ALL SUS, 2400, LEFT HINGE | N93: MRL | O93: ALL SUS-HL | P93: 회생형 | Q93: =J93 -> 2400 | R93: =G93 -> 11KW | S93: =H93 -> SINCOS | T93: =K93 -> LEFT HINGE | U93: =N93&O93&P93&Q93&R93&S93&T93 -> MRLALL SUS-HL회생형240011KWSINCOSLEFT HINGE | V93: =D93 -> 20410991G1000 | W93: =B93 -> WBSS-SE PWM | X93: 20302162G02 | Y93: 20302169G02 | Z93: HX045007H0300 | AA93: 20410992G10
A94: =OFFSET(A94,-1,)+1 -> 83 | B94: WBSS-SE PWM | C94: CP ASSY | D94: 20410991G1100 | E94: 20411050G03 | F94: PWM | G94: 15KW | H94: SINCOS | I94: ALL SUS | J94: 2400 | K94: LEFT HINGE | L94: =F94&", "&G94&", "&H94&", "&I94&", "&J94&", "&K94 -> PWM, 15KW, SINCOS, ALL SUS, 2400, LEFT HINGE | N94: MRL | O94: ALL SUS-HL | P94: 회생형 | Q94: =J94 -> 2400 | R94: =G94 -> 15KW | S94: =H94 -> SINCOS | T94: =K94 -> LEFT HINGE | U94: =N94&O94&P94&Q94&R94&S94&T94 -> MRLALL SUS-HL회생형240015KWSINCOSLEFT HINGE | V94: =D94 -> 20410991G1100 | W94: =B94 -> WBSS-SE PWM | X94: 20302162G03 | Y94: 20302169G03 | Z94: HX045007H0500 | AA94: 20410992G11
A95: =OFFSET(A95,-1,)+1 -> 84 | B95: WBSS-SE PWM | C95: CP ASSY | D95: 20410991G1200 | E95: 20411051G03 | F95: PWM | G95: 22KW | H95: SINCOS | I95: ALL SUS | J95: 2400 | K95: LEFT HINGE | L95: =F95&", "&G95&", "&H95&", "&I95&", "&J95&", "&K95 -> PWM, 22KW, SINCOS, ALL SUS, 2400, LEFT HINGE | N95: MRL | O95: ALL SUS-HL | P95: 회생형 | Q95: =J95 -> 2400 | R95: =G95 -> 22KW | S95: =H95 -> SINCOS | T95: =K95 -> LEFT HINGE | U95: =N95&O95&P95&Q95&R95&S95&T95 -> MRLALL SUS-HL회생형240022KWSINCOSLEFT HINGE | V95: =D95 -> 20410991G1200 | W95: =B95 -> WBSS-SE PWM | X95: 20302163G01 | Y95: 20302170G01 | Z95: HX045008H0100 | AA95: 20410992G12
... A107: =OFFSET(A107,-1,)+1 -> 96 | B107: WBSS-SE PWM | C107: CP ASSY | D107: 20410991G2400 | E107: 20411051G06 | F107: PWM | G107: 22KW | H107: SINCOS | I107: ALL SUS | J107: 2400 | K107: RIGHT HINGE | L107: =F107&", "&G107&", "&H107&", "&I107&", "&J107&", "&K107 -> PWM, 22KW, SINCOS, ALL SUS, 2400, RIGHT HINGE | N107: MRL | O107: ALL SUS-HL | P107: 회생형 | Q107: =J107 -> 2400 | R107: =G107 -> 22KW | S107: =H107 -> SINCOS | T107: =K107 -> RIGHT HINGE | U107: =N107&O107&P107&Q107&R107&S107&T107 -> MRLALL SUS-HL회생형240022KWSINCOSRIGHT HINGE | V107: =D107 -> 20410991G2400 | W107: =B107 -> WBSS-SE PWM | X107: 20302163G01 | Y107: 20302170G01 | Z107: HX045008H0100 | AA107: 20410992G24
A108: =OFFSET(A108,-1,)+1 -> 97 | B108: WBSS-SE PWM | C108: CP ASSY | D108: 20410991G2500 | E108: 20411050G07 | F108: PWM | G108: 7.5KW | H108: SINCOS | K108: HOIST TYPE | L108: =F108&", "&G108&", "&H108&", "&I108&", "&J108&", "&K108 -> PWM, 7.5KW, SINCOS, , , HOIST TYPE | N108: MRL | P108: 회생형 | R108: =G108 -> 7.5KW | S108: =H108 -> SINCOS | T108: =K108 -> HOIST TYPE | U108: =N108&O108&P108&Q108&R108&S108&T108 -> MRL회생형7.5KWSINCOSHOIST TYPE | V108: =D108 -> 20410991G2500 | W108: =B108 -> WBSS-SE PWM | X108: 20302162G01 | Y108: 20302169G01 | Z108: HX045007H0100 | AA108: 20410992G25
A109: =OFFSET(A109,-1,)+1 -> 98 | B109: WBSS-SE PWM | C109: CP ASSY | D109: 20410991G2600 | E109: 20411050G07 | F109: PWM | G109: 11KW | H109: SINCOS | K109: HOIST TYPE | L109: =F109&", "&G109&", "&H109&", "&I109&", "&J109&", "&K109 -> PWM, 11KW, SINCOS, , , HOIST TYPE | N109: MRL | P109: 회생형 | R109: =G109 -> 11KW | S109: =H109 -> SINCOS | T109: =K109 -> HOIST TYPE | U109: =N109&O109&P109&Q109&R109&S109&T109 -> MRL회생형11KWSINCOSHOIST TYPE | V109: =D109 -> 20410991G2600 | W109: =B109 -> WBSS-SE PWM | X109: 20302162G02 | Y109: 20302169G02 | Z109: HX045007H0300 | AA109: 20410992G26
A110: =OFFSET(A110,-1,)+1 -> 99 | B110: WBSS-SE PWM | C110: CP ASSY | D110: 20410991G2700 | E110: 20411050G07 | F110: PWM | G110: 15KW | H110: SINCOS | K110: HOIST TYPE | L110: =F110&", "&G110&", "&H110&", "&I110&", "&J110&", "&K110 -> PWM, 15KW, SINCOS, , , HOIST TYPE | N110: MRL | P110: 회생형 | R110: =G110 -> 15KW | S110: =H110 -> SINCOS | T110: =K110 -> HOIST TYPE | U110: =N110&O110&P110&Q110&R110&S110&T110 -> MRL회생형15KWSINCOSHOIST TYPE | V110: =D110 -> 20410991G2700 | W110: =B110 -> WBSS-SE PWM | X110: 20302162G03 | Y110: 20302169G03 | Z110: HX045007H0500 | AA110: 20410992G27
A111: =OFFSET(A111,-1,)+1 -> 100 | B111: WBSS-SE PWM | C111: CP ASSY | D111: 20410991G2800 | E111: 20411051G07 | F111: PWM | G111: 22KW | H111: SINCOS | K111: HOIST TYPE | L111: =F111&", "&G111&", "&H111&", "&I111&", "&J111&", "&K111 -> PWM, 22KW, SINCOS, , , HOIST TYPE | N111: MRL | P111: 회생형 | R111: =G111 -> 22KW | S111: =H111 -> SINCOS | T111: =K111 -> HOIST TYPE | U111: =N111&O111&P111&Q111&R111&S111&T111 -> MRL회생형22KWSINCOSHOIST TYPE | V111: =D111 -> 20410991G2800 | W111: =B111 -> WBSS-SE PWM | X111: 20302163G01 | Y111: 20302170G01 | Z111: HX045008H0100 | AA111: 20410992G28
A112: =OFFSET(A112,-1,)+1 -> 101 | B112: WBSS-SE PWM | C112: CP ASSY | D112: 20410991G2900 | E112: 20411050G01 | F112: PWM | G112: 7.5KW | H112: INCREMENTAL | I112: ALL SUS | J112: 2100 | K112: LEFT HINGE | L112: =F112&", "&G112&", "&H112&", "&I112&", "&J112&", "&K112 -> PWM, 7.5KW, INCREMENTAL, ALL SUS, 2100, LEFT HINGE | N112: MRL | O112: ALL SUS-HL | P112: 회생형 | Q112: =J112 -> 2100 | R112: =G112 -> 7.5KW | S112: =H112 -> INCREMENTAL | T112: =K112 -> LEFT HINGE | U112: =N112&O112&P112&Q112&R112&S112&T112 -> MRLALL SUS-HL회생형21007.5KWINCREMENTALLEFT HINGE | V112: =D112 -> 20410991G2900 | W112: =B112 -> WBSS-SE PWM | X112: 20302162G04 | Y112: 20302169G04 | Z112: HX045007H0100 | AA112: 20410992G01
A113: =OFFSET(A113,-1,)+1 -> 102 | B113: WBSS-SE PWM | C113: CP ASSY | D113: 20410991G3000 | E113: 20411050G01 | F113: PWM | G113: 11KW | H113: INCREMENTAL | I113: ALL SUS | J113: 2100 | K113: LEFT HINGE | L113: =F113&", "&G113&", "&H113&", "&I113&", "&J113&", "&K113 -> PWM, 11KW, INCREMENTAL, ALL SUS, 2100, LEFT HINGE | N113: MRL | O113: ALL SUS-HL | P113: 회생형 | Q113: =J113 -> 2100 | R113: =G113 -> 11KW | S113: =H113 -> INCREMENTAL | T113: =K113 -> LEFT HINGE | U113: =N113&O113&P113&Q113&R113&S113&T113 -> MRLALL SUS-HL회생형210011KWINCREMENTALLEFT HINGE | V113: =D113 -> 20410991G3000 | W113: =B113 -> WBSS-SE PWM | X113: 20302162G05 | Y113: 20302169G05 | Z113: HX045007H0300 | AA113: 20410992G02
A114: =OFFSET(A114,-1,)+1 -> 103 | B114: WBSS-SE PWM | C114: CP ASSY | D114: 20410991G3100 | E114: 20411050G01 | F114: PWM | G114: 15KW | H114: INCREMENTAL | I114: ALL SUS | J114: 2100 | K114: LEFT HINGE | L114: =F114&", "&G114&", "&H114&", "&I114&", "&J114&", "&K114 -> PWM, 15KW, INCREMENTAL, ALL SUS, 2100, LEFT HINGE | N114: MRL | O114: ALL SUS-HL | P114: 회생형 | Q114: =J114 -> 2100 | R114: =G114 -> 15KW | S114: =H114 -> INCREMENTAL | T114: =K114 -> LEFT HINGE | U114: =N114&O114&P114&Q114&R114&S114&T114 -> MRLALL SUS-HL회생형210015KWINCREMENTALLEFT HINGE | V114: =D114 -> 20410991G3100 | W114: =B114 -> WBSS-SE PWM | X114: 20302162G06 | Y114: 20302169G06 | Z114: HX045007H0500 | AA114: 20410992G03
A115: =OFFSET(A115,-1,)+1 -> 104 | B115: WBSS-SE PWM | C115: CP ASSY | D115: 20410991G3200 | E115: 20411051G01 | F115: PWM | G115: 22KW | H115: INCREMENTAL | I115: ALL SUS | J115: 2100 | K115: LEFT HINGE | L115: =F115&", "&G115&", "&H115&", "&I115&", "&J115&", "&K115 -> PWM, 22KW, INCREMENTAL, ALL SUS, 2100, LEFT HINGE | N115: MRL | O115: ALL SUS-HL | P115: 회생형 | Q115: =J115 -> 2100 | R115: =G115 -> 22KW | S115: =H115 -> INCREMENTAL | T115: =K115 -> LEFT HINGE | U115: =N115&O115&P115&Q115&R115&S115&T115 -> MRLALL SUS-HL회생형210022KWINCREMENTALLEFT HINGE | V115: =D115 -> 20410991G3200 | W115: =B115 -> WBSS-SE PWM | X115: 20302163G03 | Y115: 20302170G03 | Z115: HX045008H0100 | AA115: 20410992G04
A116: =OFFSET(A116,-1,)+1 -> 105 | B116: WBSS-SE PWM | C116: CP ASSY | D116: 20410991G3300 | E116: 20411050G02 | F116: PWM | G116: 7.5KW | H116: INCREMENTAL | I116: ALL SUS | J116: 2200 | K116: LEFT HINGE | L116: =F116&", "&G116&", "&H116&", "&I116&", "&J116&", "&K116 -> PWM, 7.5KW, INCREMENTAL, ALL SUS, 2200, LEFT HINGE | N116: MRL | O116: ALL SUS-HL | P116: 회생형 | Q116: =J116 -> 2200 | R116: =G116 -> 7.5KW | S116: =H116 -> INCREMENTAL | T116: =K116 -> LEFT HINGE | U116: =N116&O116&P116&Q116&R116&S116&T116 -> MRLALL SUS-HL회생형22007.5KWINCREMENTALLEFT HINGE | V116: =D116 -> 20410991G3300 | W116: =B116 -> WBSS-SE PWM | X116: 20302162G04 | Y116: 20302169G04 | Z116: HX045007H0100 | AA116: 20410992G05
A117: =OFFSET(A117,-1,)+1 -> 106 | B117: WBSS-SE PWM | C117: CP ASSY | D117: 20410991G3400 | E117: 20411050G02 | F117: PWM | G117: 11KW | H117: INCREMENTAL | I117: ALL SUS | J117: 2200 | K117: LEFT HINGE | L117: =F117&", "&G117&", "&H117&", "&I117&", "&J117&", "&K117 -> PWM, 11KW, INCREMENTAL, ALL SUS, 2200, LEFT HINGE | N117: MRL | O117: ALL SUS-HL | P117: 회생형 | Q117: =J117 -> 2200 | R117: =G117 -> 11KW | S117: =H117 -> INCREMENTAL | T117: =K117 -> LEFT HINGE | U117: =N117&O117&P117&Q117&R117&S117&T117 -> MRLALL SUS-HL회생형220011KWINCREMENTALLEFT HINGE | V117: =D117 -> 20410991G3400 | W117: =B117 -> WBSS-SE PWM | X117: 20302162G05 | Y117: 20302169G05 | Z117: HX045007H0300 | AA117: 20410992G06
A118: =OFFSET(A118,-1,)+1 -> 107 | B118: WBSS-SE PWM | C118: CP ASSY | D118: 20410991G3500 | E118: 20411050G02 | F118: PWM | G118: 15KW | H118: INCREMENTAL | I118: ALL SUS | J118: 2200 | K118: LEFT HINGE | L118: =F118&", "&G118&", "&H118&", "&I118&", "&J118&", "&K118 -> PWM, 15KW, INCREMENTAL, ALL SUS, 2200, LEFT HINGE | N118: MRL | O118: ALL SUS-HL | P118: 회생형 | Q118: =J118 -> 2200 | R118: =G118 -> 15KW | S118: =H118 -> INCREMENTAL | T118: =K118 -> LEFT HINGE | U118: =N118&O118&P118&Q118&R118&S118&T118 -> MRLALL SUS-HL회생형220015KWINCREMENTALLEFT HINGE | V118: =D118 -> 20410991G3500 | W118: =B118 -> WBSS-SE PWM | X118: 20302162G06 | Y118: 20302169G06 | Z118: HX045007H0500 | AA118: 20410992G07
A119: =OFFSET(A119,-1,)+1 -> 108 | B119: WBSS-SE PWM | C119: CP ASSY | D119: 20410991G3600 | E119: 20411051G02 | F119: PWM | G119: 22KW | H119: INCREMENTAL | I119: ALL SUS | J119: 2200 | K119: LEFT HINGE | L119: =F119&", "&G119&", "&H119&", "&I119&", "&J119&", "&K119 -> PWM, 22KW, INCREMENTAL, ALL SUS, 2200, LEFT HINGE | N119: MRL | O119: ALL SUS-HL | P119: 회생형 | Q119: =J119 -> 2200 | R119: =G119 -> 22KW | S119: =H119 -> INCREMENTAL | T119: =K119 -> LEFT HINGE | U119: =N119&O119&P119&Q119&R119&S119&T119 -> MRLALL SUS-HL회생형220022KWINCREMENTALLEFT HINGE | V119: =D119 -> 20410991G3600 | W119: =B119 -> WBSS-SE PWM | X119: 20302163G03 | Y119: 20302170G03 | Z119: HX045008H0100 | AA119: 20410992G08
A120: =OFFSET(A120,-1,)+1 -> 109 | B120: WBSS-SE PWM | C120: CP ASSY | D120: 20410991G3700 | E120: 20411050G03 | F120: PWM | G120: 7.5KW | H120: INCREMENTAL | I120: ALL SUS | J120: 2400 | K120: LEFT HINGE | L120: =F120&", "&G120&", "&H120&", "&I120&", "&J120&", "&K120 -> PWM, 7.5KW, INCREMENTAL, ALL SUS, 2400, LEFT HINGE | N120: MRL | O120: ALL SUS-HL | P120: 회생형 | Q120: =J120 -> 2400 | R120: =G120 -> 7.5KW | S120: =H120 -> INCREMENTAL | T120: =K120 -> LEFT HINGE | U120: =N120&O120&P120&Q120&R120&S120&T120 -> MRLALL SUS-HL회생형24007.5KWINCREMENTALLEFT HINGE | V120: =D120 -> 20410991G3700 | W120: =B120 -> WBSS-SE PWM | X120: 20302162G04 | Y120: 20302169G04 | Z120: HX045007H0100 | AA120: 20410992G09
A121: =OFFSET(A121,-1,)+1 -> 110 | B121: WBSS-SE PWM | C121: CP ASSY | D121: 20410991G3800 | E121: 20411050G03 | F121: PWM | G121: 11KW | H121: INCREMENTAL | I121: ALL SUS | J121: 2400 | K121: LEFT HINGE | L121: =F121&", "&G121&", "&H121&", "&I121&", "&J121&", "&K121 -> PWM, 11KW, INCREMENTAL, ALL SUS, 2400, LEFT HINGE | N121: MRL | O121: ALL SUS-HL | P121: 회생형 | Q121: =J121 -> 2400 | R121: =G121 -> 11KW | S121: =H121 -> INCREMENTAL | T121: =K121 -> LEFT HINGE | U121: =N121&O121&P121&Q121&R121&S121&T121 -> MRLALL SUS-HL회생형240011KWINCREMENTALLEFT HINGE | V121: =D121 -> 20410991G3800 | W121: =B121 -> WBSS-SE PWM | X121: 20302162G05 | Y121: 20302169G05 | Z121: HX045007H0300 | AA121: 20410992G10
A122: =OFFSET(A122,-1,)+1 -> 111 | B122: WBSS-SE PWM | C122: CP ASSY | D122: 20410991G3900 | E122: 20411050G03 | F122: PWM | G122: 15KW | H122: INCREMENTAL | I122: ALL SUS | J122: 2400 | K122: LEFT HINGE | L122: =F122&", "&G122&", "&H122&", "&I122&", "&J122&", "&K122 -> PWM, 15KW, INCREMENTAL, ALL SUS, 2400, LEFT HINGE | N122: MRL | O122: ALL SUS-HL | P122: 회생형 | Q122: =J122 -> 2400 | R122: =G122 -> 15KW | S122: =H122 -> INCREMENTAL | T122: =K122 -> LEFT HINGE | U122: =N122&O122&P122&Q122&R122&S122&T122 -> MRLALL SUS-HL회생형240015KWINCREMENTALLEFT HINGE | V122: =D122 -> 20410991G3900 | W122: =B122 -> WBSS-SE PWM | X122: 20302162G06 | Y122: 20302169G06 | Z122: HX045007H0500 | AA122: 20410992G11
A123: =OFFSET(A123,-1,)+1 -> 112 | B123: WBSS-SE PWM | C123: CP ASSY | D123: 20410991G4000 | E123: 20411051G03 | F123: PWM | G123: 22KW | H123: INCREMENTAL | I123: ALL SUS | J123: 2400 | K123: LEFT HINGE | L123: =F123&", "&G123&", "&H123&", "&I123&", "&J123&", "&K123 -> PWM, 22KW, INCREMENTAL, ALL SUS, 2400, LEFT HINGE | N123: MRL | O123: ALL SUS-HL | P123: 회생형 | Q123: =J123 -> 2400 | R123: =G123 -> 22KW | S123: =H123 -> INCREMENTAL | T123: =K123 -> LEFT HINGE | U123: =N123&O123&P123&Q123&R123&S123&T123 -> MRLALL SUS-HL회생형240022KWINCREMENTALLEFT HINGE | V123: =D123 -> 20410991G4000 | W123: =B123 -> WBSS-SE PWM | X123: 20302163G03 | Y123: 20302170G03 | Z123: HX045008H0100 | AA123: 20410992G12
... A135: =OFFSET(A135,-1,)+1 -> 124 | B135: WBSS-SE PWM | C135: CP ASSY | D135: 20410991G5200 | E135: 20411051G06 | F135: PWM | G135: 22KW | H135: INCREMENTAL | I135: ALL SUS | J135: 2400 | K135: RIGHT HINGE | L135: =F135&", "&G135&", "&H135&", "&I135&", "&J135&", "&K135 -> PWM, 22KW, INCREMENTAL, ALL SUS, 2400, RIGHT HINGE | N135: MRL | O135: ALL SUS-HL | P135: 회생형 | Q135: =J135 -> 2400 | R135: =G135 -> 22KW | S135: =H135 -> INCREMENTAL | T135: =K135 -> RIGHT HINGE | U135: =N135&O135&P135&Q135&R135&S135&T135 -> MRLALL SUS-HL회생형240022KWINCREMENTALRIGHT HINGE | V135: =D135 -> 20410991G5200 | W135: =B135 -> WBSS-SE PWM | X135: 20302163G03 | Y135: 20302170G03 | Z135: HX045008H0100 | AA135: 20410992G24
A136: =OFFSET(A136,-1,)+1 -> 125 | B136: WBSS-SE PWM | C136: CP ASSY | D136: 20410991G5300 | E136: 20411050G07 | F136: PWM | G136: 7.5KW | H136: INCREMENTAL | K136: HOIST TYPE | L136: =F136&", "&G136&", "&H136&", "&I136&", "&J136&", "&K136 -> PWM, 7.5KW, INCREMENTAL, , , HOIST TYPE | N136: MRL | P136: 회생형 | R136: =G136 -> 7.5KW | S136: =H136 -> INCREMENTAL | T136: =K136 -> HOIST TYPE | U136: =N136&O136&P136&Q136&R136&S136&T136 -> MRL회생형7.5KWINCREMENTALHOIST TYPE | V136: =D136 -> 20410991G5300 | W136: =B136 -> WBSS-SE PWM | X136: 20302162G04 | Y136: 20302169G04 | Z136: HX045007H0100 | AA136: 20410992G25
A137: =OFFSET(A137,-1,)+1 -> 126 | B137: WBSS-SE PWM | C137: CP ASSY | D137: 20410991G5400 | E137: 20411050G07 | F137: PWM | G137: 11KW | H137: INCREMENTAL | K137: HOIST TYPE | L137: =F137&", "&G137&", "&H137&", "&I137&", "&J137&", "&K137 -> PWM, 11KW, INCREMENTAL, , , HOIST TYPE | N137: MRL | P137: 회생형 | R137: =G137 -> 11KW | S137: =H137 -> INCREMENTAL | T137: =K137 -> HOIST TYPE | U137: =N137&O137&P137&Q137&R137&S137&T137 -> MRL회생형11KWINCREMENTALHOIST TYPE | V137: =D137 -> 20410991G5400 | W137: =B137 -> WBSS-SE PWM | X137: 20302162G05 | Y137: 20302169G05 | Z137: HX045007H0300 | AA137: 20410992G26
A138: =OFFSET(A138,-1,)+1 -> 127 | B138: WBSS-SE PWM | C138: CP ASSY | D138: 20410991G5500 | E138: 20411050G07 | F138: PWM | G138: 15KW | H138: INCREMENTAL | K138: HOIST TYPE | L138: =F138&", "&G138&", "&H138&", "&I138&", "&J138&", "&K138 -> PWM, 15KW, INCREMENTAL, , , HOIST TYPE | N138: MRL | P138: 회생형 | R138: =G138 -> 15KW | S138: =H138 -> INCREMENTAL | T138: =K138 -> HOIST TYPE | U138: =N138&O138&P138&Q138&R138&S138&T138 -> MRL회생형15KWINCREMENTALHOIST TYPE | V138: =D138 -> 20410991G5500 | W138: =B138 -> WBSS-SE PWM | X138: 20302162G06 | Y138: 20302169G06 | Z138: HX045007H0500 | AA138: 20410992G27
A139: =OFFSET(A139,-1,)+1 -> 128 | B139: WBSS-SE PWM | C139: CP ASSY | D139: 20410991G5600 | E139: 20411051G07 | F139: PWM | G139: 22KW | H139: INCREMENTAL | K139: HOIST TYPE | L139: =F139&", "&G139&", "&H139&", "&I139&", "&J139&", "&K139 -> PWM, 22KW, INCREMENTAL, , , HOIST TYPE | N139: MRL | P139: 회생형 | R139: =G139 -> 22KW | S139: =H139 -> INCREMENTAL | T139: =K139 -> HOIST TYPE | U139: =N139&O139&P139&Q139&R139&S139&T139 -> MRL회생형22KWINCREMENTALHOIST TYPE | V139: =D139 -> 20410991G5600 | W139: =B139 -> WBSS-SE PWM | X139: 20302163G03 | Y139: 20302170G03 | Z139: HX045008H0100 | AA139: 20410992G28
A140: =OFFSET(A140,-1,)+1 -> 129 | B140: WBLX-SE 일반형 (ELD일체형) | C140: CP ASSY | D140: 20411101G0100 | F140: 일반 | G140: 7.5KW | H140: SINCOS | I140: GI | L140: =F140&", "&G140&", "&H140&", "&I140&", "&J140&", "&K140 -> 일반, 7.5KW, SINCOS, GI, , | N140: MR | O140: =I140 -> GI | P140: 일반형 | R140: =G140 -> 7.5KW | S140: =H140 -> SINCOS | U140: =N140&O140&P140&Q140&R140&S140&T140 -> MRGI일반형7.5KWSINCOS | V140: =D140 -> 20411101G0100 | W140: =B140 -> WBLX-SE 일반형 (ELD일체형) | X140: 20302159G02 | Y140: 20302166G02 | Z140: HX045016H0300 | AA140: 20411102G01
A141: =OFFSET(A141,-1,)+1 -> 130 | B141: WBLX-SE 일반형 (ELD일체형) | C141: CP ASSY | D141: 20411101G0200 | F141: 일반 | G141: 11KW | H141: SINCOS | I141: GI | L141: =F141&", "&G141&", "&H141&", "&I141&", "&J141&", "&K141 -> 일반, 11KW, SINCOS, GI, , | N141: MR | O141: =I141 -> GI | P141: 일반형 | R141: =G141 -> 11KW | S141: =H141 -> SINCOS | U141: =N141&O141&P141&Q141&R141&S141&T141 -> MRGI일반형11KWSINCOS | V141: =D141 -> 20411101G0200 | W141: =B141 -> WBLX-SE 일반형 (ELD일체형) | X141: 20302160G01 | Y141: 20302167G01 | Z141: HX045016H0200 | AA141: 20411102G02
A142: =OFFSET(A142,-1,)+1 -> 131 | B142: WBLX-SE 일반형 (ELD일체형) | C142: CP ASSY | D142: 20411101G0300 | F142: 일반 | G142: 15KW | H142: SINCOS | I142: GI | L142: =F142&", "&G142&", "&H142&", "&I142&", "&J142&", "&K142 -> 일반, 15KW, SINCOS, GI, , | N142: MR | O142: =I142 -> GI | P142: 일반형 | R142: =G142 -> 15KW | S142: =H142 -> SINCOS | U142: =N142&O142&P142&Q142&R142&S142&T142 -> MRGI일반형15KWSINCOS | V142: =D142 -> 20411101G0300 | W142: =B142 -> WBLX-SE 일반형 (ELD일체형) | X142: 20302160G02 | Y142: 20302167G02 | Z142: HX045016H0100 | AA142: 20411102G03
A143: =OFFSET(A143,-1,)+1 -> 132 | B143: WBLX-SE 일반형 (ELD일체형) | C143: CP ASSY | D143: 20411101G0400 | F143: 일반 | G143: 22KW | H143: SINCOS | I143: GI | L143: =F143&", "&G143&", "&H143&", "&I143&", "&J143&", "&K143 -> 일반, 22KW, SINCOS, GI, , | N143: MR | O143: =I143 -> GI | P143: 일반형 | R143: =G143 -> 22KW | S143: =H143 -> SINCOS | U143: =N143&O143&P143&Q143&R143&S143&T143 -> MRGI일반형22KWSINCOS | V143: =D143 -> 20411101G0400 | W143: =B143 -> WBLX-SE 일반형 (ELD일체형) | X143: 20302161G01 | Y143: 20302168G01 | Z143: HX045019H0100 | AA143: 20411102G04
A144: =OFFSET(A144,-1,)+1 -> 133 | B144: WBLX-SE 일반형 (ELD일체형) | C144: CP ASSY | D144: 20411101G0600 | F144: 일반 | G144: 7.5KW | H144: INCREMENTAL | I144: GI | L144: =F144&", "&G144&", "&H144&", "&I144&", "&J144&", "&K144 -> 일반, 7.5KW, INCREMENTAL, GI, , | N144: MR | O144: =I144 -> GI | P144: 일반형 | R144: =G144 -> 7.5KW | S144: =H144 -> INCREMENTAL | U144: =N144&O144&P144&Q144&R144&S144&T144 -> MRGI일반형7.5KWINCREMENTAL | V144: =D144 -> 20411101G0600 | W144: =B144 -> WBLX-SE 일반형 (ELD일체형) | X144: 20302159G04 | Y144: 20302166G04 | Z144: HX045016H0300 | AA144: 20411102G01
A145: =OFFSET(A145,-1,)+1 -> 134 | B145: WBLX-SE 일반형 (ELD일체형) | C145: CP ASSY | D145: 20411101G0700 | F145: 일반 | G145: 11KW | H145: INCREMENTAL | I145: GI | L145: =F145&", "&G145&", "&H145&", "&I145&", "&J145&", "&K145 -> 일반, 11KW, INCREMENTAL, GI, , | N145: MR | O145: =I145 -> GI | P145: 일반형 | R145: =G145 -> 11KW | S145: =H145 -> INCREMENTAL | U145: =N145&O145&P145&Q145&R145&S145&T145 -> MRGI일반형11KWINCREMENTAL | V145: =D145 -> 20411101G0700 | W145: =B145 -> WBLX-SE 일반형 (ELD일체형) | X145: 20302160G03 | Y145: 20302167G03 | Z145: HX045016H0200 | AA145: 20411102G02
A146: =OFFSET(A146,-1,)+1 -> 135 | B146: WBLX-SE 일반형 (ELD일체형) | C146: CP ASSY | D146: 20411101G0800 | F146: 일반 | G146: 15KW | H146: INCREMENTAL | I146: GI | L146: =F146&", "&G146&", "&H146&", "&I146&", "&J146&", "&K146 -> 일반, 15KW, INCREMENTAL, GI, , | N146: MR | O146: =I146 -> GI | P146: 일반형 | R146: =G146 -> 15KW | S146: =H146 -> INCREMENTAL | U146: =N146&O146&P146&Q146&R146&S146&T146 -> MRGI일반형15KWINCREMENTAL | V146: =D146 -> 20411101G0800 | W146: =B146 -> WBLX-SE 일반형 (ELD일체형) | X146: 20302160G04 | Y146: 20302167G04 | Z146: HX045016H0100 | AA146: 20411102G03
A147: =OFFSET(A147,-1,)+1 -> 136 | B147: WBLX-SE 일반형 (ELD일체형) | C147: CP ASSY | D147: 20411101G0900 | F147: 일반 | G147: 22KW | H147: INCREMENTAL | I147: GI | L147: =F147&", "&G147&", "&H147&", "&I147&", "&J147&", "&K147 -> 일반, 22KW, INCREMENTAL, GI, , | N147: MR | O147: =I147 -> GI | P147: 일반형 | R147: =G147 -> 22KW | S147: =H147 -> INCREMENTAL | U147: =N147&O147&P147&Q147&R147&S147&T147 -> MRGI일반형22KWINCREMENTAL | V147: =D147 -> 20411101G0900 | W147: =B147 -> WBLX-SE 일반형 (ELD일체형) | X147: 20302161G02 | Y147: 20302168G02 | Z147: HX045019H0100 | AA147: 20411102G04
A148: =OFFSET(A148,-1,)+1 -> 137 | B148: WBLX-SE PWM (ELD일체형) | C148: CP ASSY | D148: 20411103G0100 | F148: PWM | G148: 7.5KW | H148: SINCOS | I148: GI | L148: =F148&", "&G148&", "&H148&", "&I148&", "&J148&", "&K148 -> PWM, 7.5KW, SINCOS, GI, , | N148: MR | O148: =I148 -> GI | P148: 회생형 | R148: =G148 -> 7.5KW | S148: =H148 -> SINCOS | U148: =N148&O148&P148&Q148&R148&S148&T148 -> MRGI회생형7.5KWSINCOS | V148: =D148 -> 20411103G0100 | W148: =B148 -> WBLX-SE PWM (ELD일체형) | X148: 20302162G01 | Y148: 20302169G01 | Z148: HX045007H0100 | AA148: 20411104G01
A149: =OFFSET(A149,-1,)+1 -> 138 | B149: WBLX-SE PWM (ELD일체형) | C149: CP ASSY | D149: 20411103G0200 | F149: PWM | G149: 11KW | H149: SINCOS | I149: GI | L149: =F149&", "&G149&", "&H149&", "&I149&", "&J149&", "&K149 -> PWM, 11KW, SINCOS, GI, , | N149: MR | O149: =I149 -> GI | P149: 회생형 | R149: =G149 -> 11KW | S149: =H149 -> SINCOS | U149: =N149&O149&P149&Q149&R149&S149&T149 -> MRGI회생형11KWSINCOS | V149: =D149 -> 20411103G0200 | W149: =B149 -> WBLX-SE PWM (ELD일체형) | X149: 20302162G02 | Y149: 20302169G02 | Z149: HX045007H0300 | AA149: 20411104G02
...
